STATIONID,CRUISEID,Loc_date,DECSLAT,DECELAT,DECSLON,DECELON,Latitude,Longitude,DEPTH_SSTA,WIND_SPD,WIND_DIR,MIN_FISH,TOT_LIVE,FIN_CATCH,CRUS_CATCH,OTHR_CATCH,CLD_COVER,SECCHI_DSK,WECOLOR,DEPTH_EMID,DEPTH_EMAX,DEPTH_EWTR,TEMPSURF,TEMPMID,TEMPMAX,SALSURF,SALMID,SALMAX,CHLORSURF,CHLORMID,CHLORMAX,OXYSURF,OXYMID,OXYMAX,TURBSURF,TURBMID,TURBMAX
235611,1139,6/13/2024,27.378,27.389,-82.725,-82.75,27.3835,-82.7375,11,6,217,30,173.1,,,,75,,,4,7,,30.15,30.15,30.18,35.7,35.7,35.72,,,,5.5,5.6,5.5,,,
235612,1139,6/14/2024,27.115,27.123,-82.725,-82.7,27.119,-82.7125,20.1,8.3,213,30,142,,,,50,,,8.5,16,,30.04,30.04,30.05,36.31,36.31,36.31,,,,5.7,5.8,5.7,,,
235613,1139,6/14/2024,26.931,26.956,-82.819,-82.815,26.9435,-82.817,28.9,3.9,227,30,44.6,,,,,,,15,28,,29.3,29.3,29.31,36.45,36.45,36.46,,,,5.9,5.9,5.9,,,
235614,1139,6/14/2024,26.7,26.675,-82.806,-82.807,26.6875,-82.8065,30.9,6.8,226,30,56.5,,,,,,,,,,,,,,,,,,,,,,,,
235615,1139,6/14/2024,26.678,26.657,-82.637,-82.654,26.6675,-82.6455,25.2,6.8,226,30,193.7,,,,,,,13,25,,29.74,29.74,29.73,36.48,36.48,36.48,,,,5.8,5.8,5.7,,,
235616,1139,6/14/2024,26.911,26.886,-82.671,-82.671,26.8985,-82.671,24.1,6,185,30,53.4,,,,50,7,,11.5,22,,29.87,29.76,29.75,36.39,36.41,36.42,,,,5.9,5.8,5.8,,,
235617,1139,6/14/2024,26.908,26.885,-82.572,-82.56,26.8965,-82.566,19.9,3.6,143,30,239,,,,75,,,8.5,15,,30.43,29.9,29.87,36.12,36.12,36.13,,,,5.9,5.9,5.7,,,
235618,1139,6/14/2024,26.886,26.899,-82.41,-82.434,26.8925,-82.422,10.8,8.1,197,30,58.1,,,,75,5,,4.5,7,,29.95,29.88,29.68,35.34,35.38,35.55,,,,6.1,6.1,6.1,,,
235619,1139,6/14/2024,26.702,26.725,-82.459,-82.448,26.7135,-82.4535,18.7,12.7,207,30,39.5,,,,75,8,,7.5,14,,29.85,29.81,29.66,35.74,35.74,35.8,,,,6,5.9,5.6,,,
235620,1139,6/14/2024,26.495,26.509,-82.289,-82.313,26.502,-82.301,11.5,12.9,196,30,72.8,,,,100,,,6,10,,29.62,29.63,29.63,35.48,35.48,35.48,,,,5.9,5.9,5.9,,,
235621,1139,6/15/2024,26.367,26.382,-82.151,-82.173,26.3745,-82.162,9.9,6,195,30,79.1,,,,100,,,5.5,9,,29.41,29.41,29.41,35.05,35.05,35.05,,,,5.9,5.9,5.8,,,
235622,1139,6/15/2024,26.083,26.084,-82.014,-82.042,26.0835,-82.028,14.1,7.4,275,30,54.5,,,,,,,7,13,,29.29,29.29,29.34,35.7,35.71,35.77,,,,5.6,5.6,5.5,,,
235623,1139,6/15/2024,25.969,25.994,-82.031,-82.034,25.9815,-82.0325,17.2,4.1,179,30,41.1,,,,,,,8,15,,29.01,29.04,29.5,35.66,35.68,36,,,,5.9,5.5,5.2,,,
235624,1139,6/15/2024,25.839,25.864,-82.129,-82.128,25.8515,-82.1285,20.8,8.2,107,30,49.3,,,,,,,10.5,19,,29.2,29.22,29.22,36.2,36.2,36.2,,,,5.7,5.7,5.7,,,
235625,1139,6/15/2024,25.974,25.994,-82.424,-82.44,25.984,-82.432,28.7,11.5,143,30,393.3,,,,100,11,,13,24,,29.1,29.12,29.11,36.34,36.34,36.34,,,,5.8,5.9,5.9,,,
235626,1139,6/15/2024,26.275,26.3,-82.546,-82.552,26.2875,-82.549,25.4,6.1,187,30,133.1,,,,100,19,,13,23,,29.44,29.38,29.38,36.34,36.35,36.35,,,,5.9,5.9,5.8,,,
235627,1139,6/15/2024,26.313,26.337,-82.807,-82.8,26.325,-82.8035,33.3,13.2,225,30,,,,,,,,,,,,,,,,,,,,,,,,,
235628,1139,6/15/2024,26.244,26.268,-82.97,-82.967,26.256,-82.9685,41,9.4,143,30,72.5,,,,100,22,,21,39,,28.82,28.66,26.28,36.33,36.4,36.47,,,,6,6.1,6.2,,,
235629,1139,6/16/2024,26.294,26.299,-83.085,-83.112,26.2965,-83.0985,46.6,7.3,152,30,380.2,,,,100,,,22.5,43,,28.71,27.02,25.8,36.3,36.55,36.48,,,,6,6.5,6.3,,,
235630,1139,6/16/2024,26.023,26.044,-83.216,-83.231,26.0335,-83.2235,53,14.8,130,30,25.1,,,,100,,,26.5,51,,28.89,25.68,24.82,36.44,36.5,36.46,,,,5.9,6.7,6.9,,,
235631,1139,6/16/2024,25.661,25.684,-83.083,-83.093,25.6725,-83.088,55.4,12.2,102,30,134.5,,,,,,,28,55,,28.49,28.29,24.95,36.45,36.46,36.46,,,,5.9,6.1,6.6,,,
235632,1139,6/16/2024,25.295,25.302,-83.034,-83.06,25.2985,-83.047,56.1,9.9,409,30,90.1,,,,100,24,,29.5,57,,28.51,27.31,24.63,36.19,36.49,36.46,,,,5.9,6.3,6.1,,,
235633,1139,6/16/2024,25.178,25.183,-83,-83.027,25.1805,-83.0135,54.3,13,87,30,60.2,,,,100,22,,29,55,,28.38,27.66,24.89,36.02,36.46,36.46,,,,5.9,6.2,6.4,,,
235634,1139,6/16/2024,25.168,25.154,-82.792,-82.814,25.161,-82.803,45,13.4,96,30,84.8,,,,100,27,,19.5,36,,28.3,28.29,26.5,36,36.33,36.51,,,,6,6.1,6.1,,,
235635,1139,6/16/2024,25.228,25.233,-82.696,-82.723,25.2305,-82.7095,41.3,13.1,102,30,60.4,,,,75,25,,19.5,35,,28.29,28.26,27.16,36.01,36.13,36.53,,,,6,6,6,,,
235636,1139,6/16/2024,25.302,25.316,-82.511,-82.534,25.309,-82.5225,33.5,14.4,122,30,87.5,,,,50,21,,16.5,30,,28.75,28.69,28.4,36.25,36.25,36.58,,,,5.9,6,5.8,,,
235637,1139,6/17/2024,25.386,25.407,-82.281,-82.267,25.3965,-82.274,25.6,15,130,30,88.9,,,,75,,,13.5,24,,29.05,29.06,29.06,36.31,36.31,36.33,,,,5.9,6,5.9,,,
235638,1139,6/17/2024,25.341,25.329,-82.104,-82.128,25.335,-82.116,21.9,11.7,104,30,77.8,,,,50,,,11.5,20,,29.08,29.08,29.09,36.45,36.45,36.45,,,,5.9,5.9,6,,,
235639,1139,6/17/2024,25.259,25.261,-81.967,-81.995,25.26,-81.981,20.1,14.9,285,30,179.1,,,,,,,9.5,18,,29.1,29.11,29.11,36.34,36.34,36.34,,,,5.9,5.9,6,,,
235640,1139,6/17/2024,25.214,25.214,-81.883,-81.91,25.214,-81.8965,17.9,9.7,83,30,213,,,,,,,10,17,,29.27,29.28,29.28,36.53,36.53,36.53,,,,5.6,5.6,5.6,,,
235641,1139,6/17/2024,25.344,25.319,-81.903,-81.903,25.3315,-81.903,18.5,10.9,76,30,264.2,,,,,,,9.5,17,,29.17,29.18,29.18,36.4,36.4,36.4,,,,5.8,5.7,5.7,,,
235642,1139,6/17/2024,25.482,25.48,-81.939,-81.966,25.481,-81.9525,18.5,15.8,270,30,48.9,,,,100,7,,9.5,17,,29.13,29.14,29.14,36.35,36.35,36.35,,,,5.9,5.9,5.9,,,
235643,1139,6/17/2024,25.482,25.46,-81.646,-81.66,25.471,-81.653,12.4,12,88,30,187.4,,,,75,9,,6.5,11,,29.29,29.25,29.24,36.46,36.46,36.46,,,,5.8,5.7,5.7,,,
235644,1139,6/17/2024,25.241,25.234,-81.611,-81.638,25.2375,-81.6245,12.1,10,76,30,234.9,,,,75,9,,6.5,11,,29.46,29.44,29.45,36.7,36.7,36.7,,,,5.8,5.8,5.8,,,
235645,1139,6/17/2024,25.021,25.021,-81.754,-81.782,25.021,-81.768,14.4,11.7,88,30,11.1,,,,100,6,,8.5,14,,29.54,29.53,29.53,36.7,36.7,36.7,,,,5.8,5.8,5.8,,,
235646,1139,6/17/2024,25.003,25.005,-81.948,-81.976,25.004,-81.962,19,,,30,,,,,,,,,,,,,,,,,,,,,,,,,
235647,1140,7/26/2024,29.845,29.87,-87.479,-87.479,29.8575,-87.479,33.1,8.7,115,30,1.9,,,,50,18,,16.5,31,,30.9,29.4,26.4,30.65,35.03,36.51,,,,6.7,6.4,5.7,,,
235648,1140,7/27/2024,26.476,26.455,-83.771,-83.757,26.4655,-83.764,78.8,0.6,347,30,48.8,,,,25,29,,39,77,,31.2,28,21,37.2,37.2,37.3,,,,6.5,6.8,6.6,,,
235649,1140,7/28/2024,26.412,26.388,-83.864,-83.856,26.4,-83.86,106.6,4.7,62,30,22.2,,,,25,,,54,107,,31.3,24,18.4,37.3,37.2,37.3,,,,6.4,7.1,6.6,,,
235650,1140,7/28/2024,26.099,26.124,-83.654,-83.653,26.1115,-83.6535,66.8,3,88,30,39.9,,,,,,,34.5,68,,30.5,27.6,22.4,37.23,37.14,37.12,,,,6.5,6.8,6.9,,,
235651,1140,7/28/2024,26.015,25.99,-83.785,-83.782,26.0025,-83.7835,96.2,6.1,104,30,30.9,,,,,,,49.5,98,,30.7,24.5,18.9,37.25,37.17,37.28,,,,6.4,7,6.2,,,
235652,1140,7/28/2024,25.945,25.92,-83.654,-83.654,25.9325,-83.654,72.2,4.2,143,30,53.1,,,,75,,,36.5,72,,30.6,27.9,21.6,37.13,37.16,37.2,,,,6.4,6.7,6.9,,,
235653,1140,7/28/2024,25.821,25.798,-83.702,-83.69,25.8095,-83.696,86,3.7,91,30,13.5,,,,75,38,,44.5,88,,30.6,26.4,20.3,37.08,37.19,37.2,,,,6.5,6.9,6.4,,,
235654,1140,7/28/2024,25.7,25.724,-83.635,-83.638,25.712,-83.6365,76.1,7.5,111,30,17.6,,,,75,37,,39,77,,31,29.3,21.8,37.1,37.2,37.3,,,,6.4,6.6,6.6,,,
235655,1140,7/28/2024,25.554,25.567,-83.695,-83.719,25.5605,-83.707,87.8,7,112,30,123.3,,,,50,48,,43,85,,30.5,29.3,21.1,37,37,37.3,,,,6.4,6.5,6.7,,,
235656,1140,7/28/2024,25.416,25.391,-83.621,-83.621,25.4035,-83.621,75.7,3.9,138,30,9.8,,,,50,50,,39,77,,31.5,29.8,22.3,37.1,37,37.4,,,,6.5,6.5,6.8,,,
235657,1140,7/28/2024,25.325,25.351,-83.698,-83.694,25.338,-83.696,85.8,1.9,65,30,16.9,,,,25,45,,43.5,86,,30.9,29.4,20.6,37,36.9,37.4,,,,6.4,6.5,6.7,,,
235658,1140,7/29/2024,25.3,25.287,-83.504,-83.481,25.2935,-83.4925,72.1,2,42,30,27.7,,,,25,,,36.5,72,,31.2,29.9,22.6,37,37,37.3,,,,6.4,6.4,6.9,,,
235659,1140,7/29/2024,25.14,25.118,-83.428,-83.441,25.129,-83.4345,68.9,1.9,99,30,68.1,,,,25,,,35,69,,30.8,29.5,21.8,37,36.9,37.3,,,,6.5,6.5,6.7,,,
235660,1140,7/29/2024,24.986,24.993,-83.558,-83.531,24.9895,-83.5445,73.7,3,157,30,62.1,,,,,,,37.5,74,,30.9,29,21.5,36.75,36.97,37.41,,,,6.4,6.5,6.5,,,
235661,1140,7/29/2024,24.868,24.866,-83.444,-83.472,24.867,-83.458,68.6,2.9,37,30,70.3,,,,50,,,34.5,68,,30.7,28.6,22.2,37.04,37.07,37.26,,,,6.4,6.7,6.6,,,
235662,1140,7/29/2024,24.742,24.717,-83.131,-83.133,24.7295,-83.132,56.3,4.4,41,30,13.6,,,,25,35,,28,55,,31,30,23.7,37.1,37.07,37.26,,,,6.3,6.5,6.7,,,
235663,1140,7/29/2024,24.834,24.833,-82.882,-82.909,24.8335,-82.8955,43.3,4.4,74,30,15.1,,,,50,30,,21.5,42,,31,30.9,27.6,37.04,37.06,37.11,,,,6.4,6.3,6.6,,,
235664,1140,7/29/2024,24.861,24.878,-82.658,-82.678,24.8695,-82.668,33.8,0.9,120,30,10.1,,,,75,32,,18,35,,31.4,30.9,29.5,37.03,36.89,36.77,,,,6.4,6.3,6.5,,,
235665,1140,7/29/2024,24.934,24.909,-82.088,-82.083,24.9215,-82.0855,22.9,4.8,256,30,81.5,,,,100,,,11.5,22,,31.3,31.1,30.7,37.2,36.95,37.01,,,,6.7,6.5,6.4,,,
235666,1140,7/30/2024,24.975,24.98,-82.496,-82.522,24.9775,-82.509,33.6,2.9,37,30,37.7,,,,100,,,16.5,32,,30.9,30.3,29.4,37.1,36.9,36.8,,,,6.4,6.4,6.6,,,
235667,1140,7/30/2024,24.967,24.95,-82.643,-82.623,24.9585,-82.633,38.4,3,80,30,41.3,,,,100,,,19,37,,30.8,30.4,29.1,37,37,36.94,,,,6.5,6.4,6.9,,,
235668,1140,7/30/2024,24.933,24.915,-82.847,-82.867,24.924,-82.857,45.2,2.4,99,30,41.4,,,,100,,,23,45,,30.8,30.5,27.3,37.02,37.02,37.09,,,,6.4,6.3,6.5,,,
235669,1140,7/30/2024,25.047,25.022,-83.114,-83.12,25.0345,-83.117,58.7,6.4,44,30,178.2,,,,75,,,29.5,58,,30.1,29.8,25.3,36.97,36.93,37.15,,,,6.4,6.4,6.8,,,
235670,1140,7/30/2024,25.096,25.071,-83.27,-83.271,25.0835,-83.2705,63.1,2.2,122,30,71.9,,,,75,36,,32.5,64,,30.8,29.8,23.5,37.08,37.11,37.11,,,,6.4,6.5,6.6,,,
235671,1140,7/30/2024,25.31,25.307,-83.303,-83.331,25.3085,-83.317,63.5,3.6,66,30,51.2,,,,75,37,,32,63,,30.9,30.9,24.3,37.03,37.1,37.11,,,,6.4,6.4,6.9,,,
235672,1140,7/30/2024,25.414,25.391,-83.49,-83.481,25.4025,-83.4855,70.8,7.8,351,30,9.2,,,,75,33,,36,71,,31.3,29.4,22.6,36.9,36.82,36.96,,,,6.4,6.5,6.8,,,
235673,1140,7/30/2024,25.534,25.52,-83.389,-83.366,25.527,-83.3775,65.5,3,350,30,121.6,,,,75,39,,33.5,66,,31.3,30.3,23.7,36.96,36.74,37.15,,,,6.4,6.4,6.8,,,
235674,1140,7/31/2024,25.786,25.811,-83.562,-83.56,25.7985,-83.561,73.2,4.5,105,30,15.9,,,,50,,,37.5,74,,30.6,29.4,21.8,37.04,36.95,37.26,,,,6.5,6.5,6.7,,,
235675,1140,7/31/2024,25.983,25.958,-83.478,-83.473,25.9705,-83.4755,64.9,8,128,30,73.5,,,,50,,,33,65,,30.8,29.9,23.6,37.02,36.81,37,,,,6.5,6.4,6.9,,,
235676,1140,7/31/2024,26.159,26.134,-83.476,-83.474,26.1465,-83.475,63.1,5.8,152,30,94.3,,,,25,,,32,63,,31,29.5,23.7,37.04,36.92,37,,,,6.4,6.6,6.9,,,
235677,1140,7/31/2024,26.284,26.301,-83.477,-83.497,26.2925,-83.487,61.1,3.7,160,30,59.1,,,,25,,,31,61,,31.1,29.1,24.1,37.07,36.79,37.16,,,,6.4,6.7,7,,,
235678,1140,7/31/2024,26.403,26.378,-83.558,-83.559,26.3905,-83.5585,63.6,4.3,134,30,95.9,,,,75,33,,32.5,64,,30.8,29.5,23.2,36.96,37.11,37.08,,,,6.5,6.6,6.9,,,
235679,1140,7/31/2024,26.481,26.506,-83.411,-83.411,26.4935,-83.411,56,4.2,157,30,16.7,,,,75,38,,28,55,,31.1,29.6,24.9,37.08,37.05,37.03,,,,6.4,6.5,6.9,,,
235680,1140,7/25/2024,30.39,30.39,-88.857,-88.857,30.39,-88.857,,,,,,,,,,,,,,,,,,,,,,,,,,,,,
235681,1140,7/25/2024,30.39,30.39,-88.857,-88.857,30.39,-88.857,,,,,,,,,,,,,,,,,,,,,,,,,,,,,
235682,1140,6/22/2024,30.184,30.184,-88.692,-88.693,30.184,-88.6925,,,,,,,,,,,,,,,,,,,,,,,,,,,,,
235683,1141,10/20/2024,27.434,27.412,-83.013,-83.024,27.423,-83.0185,18.7,11.5,353,30,142.9,,,,75,5,,11,19.4,,25.83,25.69,25.97,36.13,36.49,36.49,,,,7.2,7.1,6.7,,,
235684,1141,10/20/2024,27.251,27.242,-82.886,-82.911,27.2465,-82.8985,21.8,11.6,347,30,184.2,,,,75,5,,9.7,16.5,,26.1,26.07,26.07,36.36,36.44,36.44,,,,6.8,6.7,6.7,,,
235685,1141,10/20/2024,27.052,27.027,-82.801,-82.796,27.0395,-82.7985,25.2,15.7,1,30,,,,,75,,,,,,,,,,,,,,,,,,,,
235686,1141,10/21/2024,26.84,26.819,-82.903,-82.92,26.8295,-82.9115,31.8,12.4,24,30,25.3,,,,75,,,15.8,29.3,,26.98,27.01,27.04,37.25,37.3,37.41,,,,6.8,6.7,6.7,,,
235687,1141,10/21/2024,26.849,26.83,-82.553,-82.572,26.8395,-82.5625,20.3,13.6,50,30,191.4,,,,50,,,10.8,20,,26.44,26.59,26.54,36.18,36.51,36.55,,,,7.2,7.1,7.1,,,
235688,1141,10/21/2024,26.734,26.712,-82.634,-82.647,26.723,-82.6405,24.7,15.7,62,30,92.9,,,,25,,,11.6,21.1,,25.85,26.3,26.38,36.97,36.79,36.99,,,,7,6.9,6.9,,,
235689,1141,10/21/2024,26.531,26.516,-82.612,-82.634,26.5235,-82.623,24.1,16.4,20,30,88.5,,,,25,,,10.5,19.4,,26.26,26.38,26.39,36.89,36.82,36.83,,,,6.6,6.6,6.6,,,
235690,1141,10/21/2024,26.192,26.171,-82.531,-82.545,26.1815,-82.538,23.8,14.9,17,30,159.7,,,,50,5,,11.2,20.3,,26.34,26.46,26.5,36.87,36.93,36.9,,,,6.6,6.6,6.6,,,
235691,1141,10/21/2024,26.323,26.299,-82.246,-82.253,26.311,-82.2495,14.8,12.1,43,30,32.1,,,,25,6,,7,12.6,,25.73,25.74,25.72,36.79,36.75,36.71,,,,6.7,6.7,6.6,,,
235692,1141,10/21/2024,26.197,26.172,-81.999,-81.998,26.1845,-81.9985,12.4,8.3,29,30,84.2,,,,50,5,,5.9,9.4,,25.77,25.76,25.44,36.49,36.51,36.62,,,,7,7,6.9,,,
235693,1141,10/21/2024,26.055,26.03,-82.261,-82.255,26.0425,-82.258,21.4,13.2,357,30,130.5,,,,25,7,,10.3,17.8,,26.47,26.46,26.37,36.58,36.6,36.68,,,,6.9,6.8,6.7,,,
235694,1141,10/21/2024,26.011,26.016,-82.144,-82.117,26.0135,-82.1305,19,7.1,356,30,36.6,,,,50,,,9.6,16.6,,26.28,26.07,26.09,36.87,36.84,36.83,,,,6.9,6.6,6.7,,,
235695,1141,10/22/2024,25.797,25.773,-82.337,-82.344,25.785,-82.3405,26.3,15,17,30,75.7,,,,50,,,13.6,24.4,,26.81,26.84,26.86,37.06,37.08,37.11,,,,6.8,6.7,6.7,,,
235696,1141,10/22/2024,25.657,25.632,-82.2,-82.2,25.6445,-82.2,24.9,15,32,30,353,,,,25,,,12,20.6,,27.13,27.12,27.1,37.12,37.13,37.15,,,,6.6,6.6,6.6,,,
235697,1141,10/22/2024,25.512,25.491,-82.154,-82.167,25.5015,-82.1605,25.8,10.5,24,30,30.8,,,,,,,11,21,,26.81,26.98,27,37.78,37.68,37.68,,,,6.6,6.6,6.6,,,
235698,1141,10/22/2024,25.543,25.521,-81.846,-81.86,25.532,-81.853,15.4,14.1,40,30,306.2,,,,,,,7,12.3,,26.12,26.22,26.22,37.63,37.58,37.6,,,,6.5,6.5,6.5,,,
235699,1141,10/22/2024,25.486,25.464,-81.716,-81.728,25.475,-81.722,12.6,10.5,22,30,,,,,,,,,,,,,,,,,,,,,,,,,
235700,1141,10/22/2024,25.205,25.182,-81.681,-81.692,25.1935,-81.6865,14.8,10.4,15,30,64.4,,,,,7,,7.3,11.8,,26.24,26.25,26.25,37.75,37.74,37.73,,,,6.6,6.6,6.6,,,
235701,1141,10/22/2024,25.058,25.036,-81.587,-81.597,25.047,-81.592,12.1,7,1,30,43,,,,25,5,,5.7,9.8,,26.42,26.32,26.25,38.06,38.06,38.1,,,,6.6,6.6,6.5,,,
235702,1141,10/22/2024,25.038,25.013,-81.87,-81.875,25.0255,-81.8725,18.5,7.1,13,30,22.4,,,,25,6,,9.5,15.9,,27.01,26.92,26.85,37.23,37.23,37.25,,,,6.7,6.7,6.6,,,
235703,1141,10/22/2024,25.063,25.039,-82.064,-82.068,25.051,-82.066,21.8,11,34,30,,,,,25,,,,,,,,,,,,,,,,,,,,
235704,1141,10/23/2024,24.814,24.789,-82.028,-82.034,24.8015,-82.031,20.8,15.4,30,30,37,,,,25,,,9.6,16.7,,27.16,27.15,27.14,37.29,37.29,37.41,,,,6.7,6.7,6.6,,,
235705,1141,10/23/2024,24.897,24.875,-82.311,-82.324,24.886,-82.3175,28.5,12.5,40,30,19.6,,,,,,,12.2,23,,27.11,27.32,27.35,37.86,37.73,37.74,,,,6.6,6.5,6.5,,,
235706,1141,10/23/2024,25.101,25.079,-82.251,-82.263,25.09,-82.257,26.7,12.6,38,30,35.2,,,,25,9,,14,25.8,,27.04,27.39,27.39,38.08,37.89,37.89,,,,6.6,6.4,6.4,,,
235707,1141,10/23/2024,25.157,25.133,-82.409,-82.416,25.145,-82.4125,32.4,13.8,53,30,44.9,,,,25,9,,15.9,29.9,,27.41,27.53,27.53,38.08,37.96,37.96,,,,6.6,6.6,6.5,,,
235708,1141,10/23/2024,25.391,25.369,-82.468,-82.48,25.38,-82.474,31.3,12.1,37,30,188.2,,,,,9,,15.7,28.4,,27.77,27.7,27.58,37.38,37.39,37.4,,,,6.8,6.8,6.5,,,
235709,1141,10/23/2024,25.417,25.392,-82.59,-82.587,25.4045,-82.5885,34.7,12,18,30,169.3,,,,,10,,16.9,30.9,,27.76,27.8,27.73,37.55,37.52,37.58,,,,6.7,6.7,6.6,,,
235710,1141,10/24/2024,25.503,25.479,-82.765,-82.767,25.491,-82.766,42.1,14.6,14,30,90,,,,,,,20.6,38.4,,27.44,27.67,27.36,37.78,37.65,37.67,,,,6.8,6.7,6,,,
235711,1141,10/24/2024,25.575,25.55,-82.965,-82.969,25.5625,-82.967,51.2,14.9,35,30,74,,,,,,,24,45.8,,27.33,27.33,27.28,37.71,37.66,37.72,,,,6.5,6.5,6.4,,,
235712,1141,10/24/2024,25.32,25.295,-82.971,-82.975,25.3075,-82.973,53,13.1,43,30,42.5,,,,,,,25,48.3,,27.04,27.54,27.63,38.55,38.23,38.24,,,,6.6,6.4,6.4,,,
235713,1141,10/24/2024,25.114,25.09,-83.018,-83.025,25.102,-83.0215,55,13.4,83,30,70.7,,,,,,,25,48.7,,27.45,27.53,27.31,38.31,38.25,38.32,,,,6.5,6.4,6.2,,,
235714,1141,10/24/2024,25.005,25.005,-83.188,-83.216,25.005,-83.202,61.8,13,65,30,38.6,,,,,,,28.9,56.6,,28.08,28.05,28.07,38.48,38.44,38.44,,,,6.4,6.4,6.3,,,
235715,1141,10/24/2024,25.008,25.006,-83.073,-83.101,25.007,-83.087,56,8.3,48,30,108.3,,,,25,20,,27.7,53.6,,27.39,27.51,27.39,38.4,38.28,38.21,,,,6.5,6.5,6.4,,,
235716,1141,10/24/2024,24.767,24.773,-82.717,-82.743,24.77,-82.73,32.2,10.6,55,30,29.1,,,,25,10,,15.3,27.9,,27.89,27.91,27.81,37.47,37.46,37.51,,,,6.6,6.5,6.4,,,
235717,1141,10/24/2024,24.783,24.781,-82.96,-82.987,24.782,-82.9735,43.9,10.8,55,30,19.7,,,,25,10,,22.8,42.6,,28.02,27.89,27.74,37.64,37.71,37.81,,,,6.5,6.3,6.1,,,
235718,1141,10/24/2024,24.749,24.73,-83.111,-83.129,24.7395,-83.12,53,10,44,30,7.6,,,,25,13,,26,48.7,,27.79,27.83,27.73,37.71,37.67,37.77,,,,6.6,6.5,6.3,,,
235719,1141,10/24/2024,24.704,24.679,-83.361,-83.365,24.6915,-83.363,65.8,8,70,30,17.2,,,,25,,,30.9,59.6,,28.86,28.92,27.7,37.96,37.98,37.77,,,,6.3,6.3,6.4,,,
235720,1141,10/25/2024,24.805,24.799,-83.436,-83.462,24.802,-83.449,67.7,9,74,30,14.1,,,,25,,,33,62.5,,28.78,28.74,27.57,37.95,38.01,37.87,,,,6.3,6.3,6.3,,,
235721,1141,10/25/2024,24.951,24.932,-83.747,-83.765,24.9415,-83.756,86,8.7,63,30,22.2,,,,25,,,41.1,80.6,,28.04,28.74,27.01,39.07,38.57,38.35,,,,6.6,6.3,6.4,,,
235722,1141,10/25/2024,25.154,25.13,-83.81,-83.81,25.142,-83.81,107.2,10,98,30,7.7,,,,25,,,50.8,100.1,,28.38,27.14,22.84,38.67,38.32,38.5,,,,6.4,6.4,5.1,,,
235723,1141,10/25/2024,25.152,25.147,-83.551,-83.578,25.1495,-83.5645,75.2,10.3,90,30,14.8,,,,25,,,35.8,69.7,,28.11,28.55,27,38.78,38.63,38.29,,,,6.5,6.3,6.3,,,
235724,1141,10/25/2024,25.142,25.139,-83.34,-83.368,25.1405,-83.354,66,12.5,93,30,10.6,,,,25,18,,31.4,61.3,,28.19,28.33,28.29,38.67,38.58,38.59,,,,6.4,6.3,6.3,,,
235725,1141,10/25/2024,25.285,25.283,-83.329,-83.357,25.284,-83.343,64.7,14.9,105,30,11.9,,,,50,35,,30.3,57.8,,28.27,28.3,27.76,38.63,38.59,38.52,,,,6.4,6.3,6.3,,,
235726,1141,10/25/2024,25.358,25.355,-83.454,-83.481,25.3565,-83.4675,69.5,12,83,30,76.8,,,,25,28,,32.9,62.6,,28.37,28.37,27.73,37.87,37.87,37.77,,,,6.4,6.3,6.3,,,
235727,1141,10/25/2024,25.579,25.604,-83.716,-83.716,25.5915,-83.716,91.4,13,88,30,5.1,,,,25,30,,42.3,81.1,,28.52,27.68,26.4,37.88,37.72,37.69,,,,6.4,6.4,6.3,,,
235728,1141,10/25/2024,25.648,25.644,-83.67,-83.697,25.646,-83.6835,82.3,12,90,30,16,,,,25,,,40.9,80.8,,28.28,28.23,25.98,37.92,37.87,37.82,,,,6.4,6.3,6,,,
235729,1141,10/26/2024,25.63,25.625,-83.527,-83.553,25.6275,-83.54,71.3,10,50,30,36.9,,,,25,,,36.1,68.6,,28.16,28.2,25.08,37.86,37.86,37.96,,,,6.4,6.4,5.8,,,
235730,1141,10/26/2024,25.959,25.957,-83.201,-83.229,25.958,-83.215,55.8,14.8,120,30,30.5,,,,25,,,27.5,52.9,,26.42,27.38,26.03,39.17,38.46,38.22,,,,6.8,6.5,5.5,,,
235731,1141,10/26/2024,25.912,25.911,-83.461,-83.49,25.9115,-83.4755,66.2,9.6,96,30,18.2,,,,25,,,31.1,60.9,,27.79,27.88,26.14,38.6,38.57,38.23,,,,6.4,6.4,6.3,,,
235732,1141,10/26/2024,25.972,25.946,-83.733,-83.734,25.959,-83.7335,91.6,9.7,82,30,2.5,,,,25,,,42.2,83,,27.25,28.09,25.47,39.25,38.65,38.63,,,,6.7,6.4,5.8,,,
235733,1141,10/26/2024,26.051,26.074,-83.733,-83.743,26.0625,-83.738,90.9,12.2,107,30,13.4,,,,25,21,,44.4,87.2,,27.89,26.96,25.35,38.65,38.27,38.69,,,,6.4,6.5,5.8,,,
235734,1141,10/26/2024,26.086,26.061,-83.833,-83.828,26.0735,-83.8305,100.8,7.2,63,30,8.2,,,,25,35,,49.1,96.1,,27.28,27.16,23.93,39.01,38.05,38.78,,,,6.8,6.4,5.7,,,
235735,1141,10/26/2024,26.205,26.221,-83.382,-83.403,26.213,-83.3925,56.7,12.2,74,30,5.1,,,,75,19,,28.3,54,,27.11,27.19,25.2,37.66,37.67,37.87,,,,6.7,6.5,5.5,,,
235736,1141,10/26/2024,26.148,26.125,-83.182,-83.195,26.1365,-83.1885,52.5,8.5,33,30,67.2,,,,75,20,,25.9,48.4,,27.45,27.43,27.35,37.71,37.73,37.78,,,,6.5,6.4,6.2,,,
235737,1141,10/26/2024,26.112,26.086,-82.96,-82.96,26.099,-82.96,43.3,12,10,30,55.8,,,,75,,,21.4,39.4,,26.9,26.9,27.01,37.11,37.09,37.59,,,,6.7,6.6,6.2,,,
235738,1141,10/27/2024,26.246,26.222,-83.198,-83.209,26.234,-83.2035,49.4,12.2,52,30,72.6,,,,75,,,24.3,46.4,,27.24,27.3,27.28,37.75,37.71,37.76,,,,6.5,6.4,6.4,,,
235739,1141,10/27/2024,26.349,26.345,-83.222,-83.249,26.347,-83.2355,49.4,7.1,96,30,24.4,,,,75,,,24.9,47.3,,27.14,27.15,27.15,37.68,37.71,37.75,,,,6.5,6.4,6.4,,,
235740,1141,10/27/2024,26.454,26.463,-83.579,-83.606,26.4585,-83.5925,66.4,10.6,101,30,35.9,,,,,,,31.7,61.5,,26.65,27.05,24.62,38.89,38.34,38.4,,,,6.7,6.5,5.5,,,
235741,1141,10/27/2024,26.346,26.321,-83.748,-83.749,26.3335,-83.7485,79.2,12.5,68,30,45.5,,,,100,,,37.3,73.1,,27.43,27.86,25.1,38.71,38.54,38.37,,,,6.6,6.4,5.8,,,
235742,1141,10/27/2024,26.672,26.697,-83.978,-83.981,26.6845,-83.9795,106.1,13.2,103,30,11.9,,,,50,37,,48.8,95.3,,27.25,27.46,23.67,38.8,38.49,38.68,,,,6.5,6.4,5.5,,,
235743,1141,10/27/2024,26.846,26.847,-83.7,-83.729,26.8465,-83.7145,66.6,11,86,30,205.2,,,,100,24,,31.7,61,,26.88,27.1,25.83,38.37,38.37,38.32,,,,6.6,6.5,5.6,,,
235744,1141,10/27/2024,26.828,26.808,-83.479,-83.496,26.818,-83.4875,56.5,10.7,57,30,30.4,,,,75,24,,26.9,51.4,,26.53,26.83,26.81,37.62,37.47,37.54,,,,6.8,6.5,6.4,,,
235745,1141,10/27/2024,26.65,26.636,-83.352,-83.374,26.643,-83.363,51.2,7,36,30,10.3,,,,100,17,,26.2,48.7,,26.78,26.81,26.79,37.45,37.44,37.47,,,,6.6,6.5,6.4,,,
235746,1141,10/27/2024,26.588,26.565,-83.173,-83.186,26.5765,-83.1795,45.7,10.8,34,30,82.9,,,,75,,,24.9,47.2,,26.56,26.76,26.55,37.6,37.47,37.55,,,,6.8,6.5,5.8,,,
235747,1141,10/28/2024,26.759,26.754,-82.995,-83.023,26.7565,-83.009,36.4,18,90,30,57.4,,,,100,,,17.5,32,,26.46,26.5,26.81,37.28,37.25,37.54,,,,6.9,6.8,6.3,,,
235748,1141,10/28/2024,26.856,26.833,-83.083,-83.073,26.8445,-83.078,39.9,16.2,97,30,53.1,,,,75,,,18.1,34.4,,26.71,26.72,26.69,37.52,37.49,37.5,,,,6.6,6.5,6.5,,,
235749,1141,10/28/2024,26.935,26.935,-83.169,-83.198,26.935,-83.1835,43.5,11.3,87,30,37.5,,,,75,,,21.1,40.3,,26.62,26.65,26.68,38.35,38.37,38.34,,,,6.7,6.7,6.7,,,
235750,1141,10/28/2024,26.909,26.91,-83.389,-83.418,26.9095,-83.4035,51.4,12.7,83,30,23.2,,,,75,,,25,48.1,,26.49,26.56,26.58,38.27,38.24,38.32,,,,6.6,6.5,6.5,,,
235751,1141,10/28/2024,27.07,27.071,-83.65,-83.678,27.0705,-83.664,58.3,13.9,99,30,48.9,,,,75,,,27.3,52.6,,26.06,26.37,26.4,37.91,38.27,38.35,,,,6.7,6.5,6.5,,,
235752,1141,10/28/2024,27.179,27.192,-83.89,-83.915,27.1855,-83.9025,68.8,12.8,78,30,26.2,,,,100,12,,31.9,62.4,,26.64,26.71,25.94,38.42,38.34,38.02,,,,6.5,6.5,6.3,,,
235753,1141,10/28/2024,27.213,27.224,-84.146,-84.172,27.2185,-84.159,89.6,15,86,30,33.7,,,,75,20,,42,81.2,,26.49,26.53,23.32,38.34,38.33,38.23,,,,6.6,6.5,5.2,,,
235793,1143,10/13/2024,28.978,28.983,-90.334,-90.311,28.9805,-90.3225,7.8,,,30,33.4,,,,,,,6.5,14.4,14.4,27.1,27.18,28.28,32.57,32.66,34.22,8.399,8.199,10.301,6.3,6.4,3.7,86.31,88.47,25.81
235794,1143,10/13/2024,28.889,28.898,-90.167,-90.14,28.8935,-90.1535,12.5,,,30,11.8,,,,,,,14,24.8,24.8,26.94,27.46,28.13,32.54,33.52,34.9,8.189,6.976,8.584,6.4,6.3,4.7,96.1859,96.8224,25.2827
235795,1143,10/13/2024,29.01,29.013,-89.925,-89.897,29.0115,-89.911,14.4,,,30,85.8,,,,,,,13.9,24.9,24.9,26.17,27.45,28.37,29.11,31.35,34.96,11.04,10.399,8.843,7.9,6.2,3.2,76.3635,96.0547,27.9654
235796,1143,10/13/2024,28.975,28.956,-89.677,-89.695,28.9655,-89.686,26.4,,,30,319.5,,,,,,,26,48.5,48.5,26.22,28.12,27.61,28.61,34.38,36.05,11.887,6.543,8.725,8.1,5.6,3.9,67.474,92.8512,20.5646
235797,1143,10/13/2024,28.945,28.921,-89.526,-89.513,28.933,-89.5195,25.7,,,30,154.1,,,,,,,25,46.8,46.8,26.88,28.33,27.71,27.86,34.89,35.88,13.418,6.526,8.522,8.3,4.7,4.1,61.3291,84.2747,26.404
235798,1143,10/13/2024,28.846,28.855,-89.888,-89.867,28.8505,-89.8775,25,,,30,456.7,,,,,,,25,45.7,45.7,27.1,28.12,28.24,29.63,34.92,35.68,10.41,6.83,7.311,6.5,4.5,3.8,79.9955,62.1826,31.7448
235799,1143,10/14/2024,28.75,28.724,-90.177,-90.175,28.737,-90.176,18.2,,,30,145.9,,,,,,,17.9,34,34,27.4,27.8,27.9,30.84,34.19,34.63,9.55,6.909,8.518,7.7,6,5,71.6207,90.285,31.8939
235800,1143,10/14/2024,28.716,28.702,-90.433,-90.457,28.709,-90.445,11,,,30,42.1,,,,,,,11,20.1,20.1,27.47,27.64,27.83,33.75,34.17,34.69,6.786,6.626,6.872,6.5,6.3,5.8,93.5318,94.5733,73.1998
235801,1143,10/14/2024,28.482,28.482,-90.459,-90.487,28.482,-90.473,22.8,,,30,66.7,,,,,,,22,41.1,41.1,27.26,27.92,28.02,33.27,34.63,35.35,7.179,6.042,6.47,8.1,4.7,4.5,93.4689,94.8034,58.9614
235802,1143,10/14/2024,28.444,28.441,-90.605,-90.648,28.4425,-90.6265,21.9,,,30,3,,,,,,,21,40.2,40.2,27.99,27.98,27.89,35.2,35.25,35.23,5.471,5.529,6.045,3.8,4.9,4.8,89.6399,89.0141,70.4307
235803,1143,10/14/2024,28.542,28.535,-90.849,-90.82,28.5385,-90.8345,14.8,,,30,63.9,,,,,,,14,26,26,27.5,27.51,28.9,33.64,33.64,35.59,6.876,6.898,8.502,5.9,5.9,3,85.9429,85.9133,28.4924
235804,1143,10/14/2024,28.413,28.397,-91.01,-91.018,28.405,-91.014,23.5,,,30,19.9,,,,,,,23,41.8,41.8,27.52,28.02,28.22,33.48,33.9,35.81,6.494,6.379,6.704,6,6,4.7,95.2954,94.9848,50.4317
235805,1143,10/14/2024,28.48,28.484,-91.142,-91.17,28.482,-91.156,20.7,,,30,62.5,,,,,,,20,37,37,27.68,27.66,28.58,33.35,33.51,35.13,6.404,6.575,6.728,6.2,6,5.3,95.0606,93.3997,47.2687
235806,1143,10/14/2024,28.503,28.506,-91.196,-91.225,28.5045,-91.2105,20.1,,,30,135.7,,,,,,,20.1,36.7,36.7,27.69,27.69,28.58,32.97,33.57,35.13,7.025,6.54,7.394,6.1,6,5,91.4466,90.7264,29.937
235807,1143,10/14/2024,28.464,28.465,-91.248,-91.276,28.4645,-91.262,23.8,,,30,46.1,,,,,,,23.9,44.6,44.6,27.99,28.4,28.51,33.31,34.21,35.26,6.45,6.045,6.572,6.3,6,5.4,90.0689,93.2832,50.3998
235808,1143,10/14/2024,28.371,28.355,-91.559,-91.578,28.363,-91.5685,33.3,,,30,49.2,,,,,,,32,62,62,27.96,28.94,26.59,33.89,36.25,36.43,6.226,4.682,6.915,6.2,5.9,4.3,88.8644,94.7108,53.8001
235809,1143,10/15/2024,28.699,28.689,-91.721,-91.695,28.694,-91.708,16.6,,,30,87.3,,,,,,,17,30.9,30.9,27.16,27.93,28.4,31.57,33.33,35.03,8.34,7.471,8.667,6.8,5.9,4,90.8307,90.508,24.9608
235810,1143,10/15/2024,28.891,28.866,-92.04,-92.038,28.8785,-92.039,13.8,,,30,120.9,,,,,,,13.1,23.8,23.8,27.53,27.57,27.93,32.51,32.54,33.34,7.884,7.991,7.866,5.9,6,6,82.5503,79.8447,62.3842
235811,1143,10/15/2024,29.063,29.053,-91.886,-91.913,29.058,-91.8995,7.1,,,30,18.4,,,,,,,7,11.9,11.9,26.22,26.43,26.99,27.84,29.68,30.75,12.27,11.055,10.791,7,6.9,5.6,81.573,83.7017,51.3655
235812,1143,10/15/2024,28.954,28.944,-91.88,-91.854,28.949,-91.867,11.7,,,30,19.9,,,,,,,11,18.9,18.9,26.51,27.43,28.42,29.23,32.05,33.81,11.673,7.936,9.659,7.1,6.7,2.8,76.8532,83.1113,27.8517
235813,1143,10/15/2024,28.826,28.803,-91.811,-91.823,28.8145,-91.817,13.8,,,30,24.1,,,,,,,14,24.8,24.8,27.41,27.66,28.08,31.45,32.87,34.05,8.576,7.698,9.651,6.9,6.7,4.6,80.7171,82.7746,14.8045
235814,1143,10/15/2024,28.788,28.764,-91.528,-91.517,28.776,-91.5225,12,,,30,110.2,,,,,,,11.9,21.6,21.6,27.01,27.15,28.28,27.86,32,33.91,13.97,8.246,10.403,5.7,6.4,3.9,82.4776,88.4935,12.9967
235815,1143,10/15/2024,28.755,28.738,-91.323,-91.302,28.7465,-91.3125,9.4,,,30,95.2,,,,,,,10,16.8,16.8,27.16,27.31,27.7,28.76,32.11,33.11,12.474,9.698,10.703,7.2,5.9,4.5,55.4402,51.6245,14.0968
235816,1143,10/16/2024,28.769,28.745,-90.955,-90.967,28.757,-90.961,8.5,,,30,66.3,,,,,,,9,15.1,15.1,27.21,27.01,27.29,29.44,31.72,32.46,11.006,9.593,12.087,6.8,6.1,5,71.5989,59.2418,10.2699
235817,1143,10/16/2024,28.678,28.686,-90.658,-90.622,28.682,-90.64,9.1,,,30,106.8,,,,,,,9,16.2,16.2,27.35,27.38,27.79,32.26,32.26,34.07,7.962,7.967,7.347,6.8,6.8,5.1,85.4997,85.3205,73.4251
235818,1143,10/22/2024,29.037,29.029,-92.357,-92.384,29.033,-92.3705,11.8,,,30,183,,,,,,,12,21.1,21.1,24.19,24.42,25.32,31.18,31.7,32.25,11.657,11.107,12.684,6.5,6.3,5.9,32.343,36.9335,7.6434
235819,1143,10/22/2024,29.01,29.006,-92.545,-92.573,29.008,-92.559,13.4,,,30,278.9,,,,,,,13.9,24,24,25.38,25.54,25.67,31.78,32.44,32.54,10.179,10.099,11.264,6.6,6.1,6,43.8459,31.8598,16.5885
235820,1143,10/22/2024,29.209,29.185,-92.833,-92.825,29.197,-92.829,10.3,,,30,202.9,,,,,,,10.9,18.6,18.6,25.62,25.22,25.32,31.46,31.5,31.63,10.115,10.588,13.956,6.8,6.3,6.1,48.2858,40.0386,5.0432
235821,1143,10/23/2024,29.398,29.394,-92.597,-92.626,29.396,-92.6115,7.3,,,30,145.1,,,,,,,7.9,13.2,13.2,23.09,23.32,23.55,27.78,29.26,29.79,15.195,13.681,16.358,7.3,6.7,5.7,44.0506,48.1581,4.9414
235822,1143,10/23/2024,29.538,29.529,-92.742,-92.706,29.5335,-92.724,5.4,,,30,127.2,,,,,,,7.1,10.5,10.5,23.12,23.19,23.62,27.38,27.43,28.18,15.22,15.319,17.227,7.6,7.5,6.1,50.2859,48.4672,7.6655
235823,1143,10/23/2024,29.334,29.321,-92.956,-92.982,29.3275,-92.969,9.1,,,30,103.6,,,,,,,9,15.2,15.2,23.77,24.44,24.44,29.4,30.47,30.78,12.642,11.614,12.159,6.9,6.6,6.2,53.0662,43.4077,28.4306
235824,1143,10/23/2024,29.249,29.235,-93.089,-93.112,29.242,-93.1005,9.6,,,30,137.2,,,,,,,9.9,17.6,17.6,25.14,25.16,25.16,31.53,31.6,31.6,10.764,10.814,11.263,5.1,6.2,6.2,34.9966,35.8892,29.358
235825,1143,10/23/2024,29.562,29.58,-93.064,-93.085,29.571,-93.0745,6.6,,,30,386.5,,,,,,,7,10.9,10.9,23.83,23.82,23.82,29,29,29,13.167,13.207,14.032,6.8,6.7,6.7,32.5285,32.5514,25.6065
235826,1143,10/23/2024,29.647,29.651,-93.166,-93.195,29.649,-93.1805,5.1,,,30,198,,,,,,,7,10.1,10.1,23.82,23.9,23.91,28.88,29.08,29.07,12.988,13.123,15.622,7.2,7,4.4,44.8013,40.7781,7.5262
235827,1143,10/23/2024,29.608,29.584,-93.255,-93.251,29.596,-93.253,6.2,,,30,153.2,,,,,,,6.1,10.1,10.1,24.39,24.03,24,29.3,29.31,29.31,12.115,12.506,13.677,6.9,6.9,6.6,32.9331,33.1496,19.5061
235828,1143,10/23/2024,29.377,29.372,-93.289,-93.26,29.3745,-93.2745,6.6,,,30,132.9,,,,,,,7.1,11,11,24.9,24.73,25.06,30.05,30.44,31.09,11.304,11.318,14.087,8,6.9,5.1,42.4884,45.641,7.4382
235829,1143,10/23/2024,29.233,29.212,-93.278,-93.26,29.2225,-93.269,9.1,,,30,140,,,,,,,9.9,15.6,15.6,25.85,25.69,25.71,31.74,32.13,32.44,8.93,9.075,9.745,7,6.6,5.5,53.1548,50.5003,30.8464
235830,1143,10/24/2024,29.11,29.091,-93.193,-93.173,29.1005,-93.183,11.2,,,30,94.8,,,,,,,10.9,19.7,19.7,26.05,26.03,26.17,32.39,33.45,33.58,8.18,7.525,8.862,7,6.6,6.1,65.5655,64.4201,35.8191
235831,1143,10/24/2024,28.916,28.903,-92.796,-92.903,28.9095,-92.8495,13.9,,,30,101.3,,,,,,,15,25.8,25.8,25.45,26.1,26.39,32.33,33.38,33.64,9.161,7.998,10.422,6.9,6.3,6.2,49.9327,53.4372,33.0777
235832,1143,10/24/2024,28.78,28.79,-92.8,-92.774,28.785,-92.787,16.5,,,30,63.2,,,,,,,15.9,29.9,29.9,25.92,26.56,27.02,32.67,33.39,34.45,8.077,7.51,6.817,8.3,4.6,3.5,54.2166,56.9558,45.8827
235833,1143,10/24/2024,28.826,28.802,-92.645,-92.652,28.814,-92.6485,16.5,,,30,68.6,,,,,,,16.1,29.7,29.7,26.29,26.31,26.62,33.79,33.81,34.12,7.04,7.09,7.938,6.4,6.4,6.2,63.4356,63.8303,36.3438
235834,1143,10/24/2024,28.578,28.579,-92.365,-92.395,28.5785,-92.38,22.3,,,30,63.2,,,,,,,21,39,39,26,26.72,27.16,33.71,34.57,35.76,7.356,6.588,6.036,6.5,6,5.9,62.7999,65.426,58.6962
235835,1143,10/24/2024,28.543,28.538,-92.285,-92.256,28.5405,-92.2705,25.8,,,30,26.7,,,,,,,24,45.1,45.1,25.62,27.13,27.55,33.75,35.83,36.26,7.432,5.22,5.274,6.6,6.2,5.9,60.4293,79.024,70.0762
235919,1145,10/1/2024,30.127,30.125,-87.746,-87.716,30.126,-87.731,14.6,10.7,36,30,69.3,,,,3,,,,,,,,,,,,,,,,,,,,
235920,1145,10/1/2024,30.168,30.143,-87.494,-87.496,30.1555,-87.495,26.5,6.2,,30,6.9,,,,25,14,,,,,,,,,,,,,,,,,,,
235921,1145,10/1/2024,30.349,30.324,-86.892,-86.891,30.3365,-86.8915,21.6,6.9,331,30,7.5,,,,,12,,,,,,,,,,,,,,,,,,,
235922,1145,10/1/2024,30.318,30.299,-86.613,-86.631,30.3085,-86.622,25.2,8.3,206,30,11.3,,,,4,8,,,,,,,,,,,,,,,,,,,
235923,1145,10/1/2024,30.164,30.183,-86.446,-86.465,30.1735,-86.4555,33.3,5.5,253,30,30.9,,,,3,,,,,,,,,,,,,,,,,,,,
235924,1145,10/2/2024,30.024,30.018,-86.269,-86.296,30.021,-86.2825,41.9,6.7,329,30,18.9,,,,,,,,,,,,,,,,,,,,,,,,
235925,1145,10/2/2024,30.038,30.056,-86.144,-86.124,30.047,-86.134,36,0.3,43,31,18.6,,,,,,,,,,,,,,,,,,,,,,,,
235926,1145,10/2/2024,30.004,30.029,-85.81,-85.815,30.0165,-85.8125,26.3,11.3,59,30,31,,,,,,,,,,,,,,,,,,,,,,,,
235927,1145,10/2/2024,29.787,29.812,-85.584,-85.585,29.7995,-85.5845,26.7,10.8,47,30,79.1,,,,,,,,,,,,,,,,,,,,,,,,
235928,1145,10/2/2024,29.674,29.654,-85.623,-85.641,29.664,-85.632,29.8,9.7,25,30,19,,,,1,8,,,,,,,,,,,,,,,,,,,
235929,1145,10/2/2024,29.474,29.452,-85.389,-85.403,29.463,-85.396,26.7,5.9,60,30,20.6,,,,3,12,,,,,,,,,,,,,,,,,,,
235930,1145,10/2/2024,29.539,29.526,-85.191,-85.216,29.5325,-85.2035,15.9,5.8,119,30,5.3,,,,1,,,,,,,,,,,,,,,,,,,,
235931,1145,10/2/2024,29.448,29.422,-85.166,-85.163,29.435,-85.1645,25.2,8.6,117,30,23.6,,,,3,9,,,,,,,,,,,,,,,,,,,
235932,1145,10/2/2024,29.4,29.388,-85.009,-85.034,29.394,-85.0215,24,8.7,145,30,72.3,,,,3,9,,,,,,,,,,,,,,,,,,,
235933,1145,10/3/2024,29.592,29.573,-84.902,-84.883,29.5825,-84.8925,13.2,2.8,234,30,263.4,,,,,,,,,,,,,,,,,,,,,,,,
235934,1145,10/3/2024,29.69,29.689,-84.469,-84.498,29.6895,-84.4835,16.5,5.4,334,30,33.3,,,,,,,,,,,,,,,,,,,,,,,,
235935,1145,10/3/2024,29.689,29.689,-84.363,-84.363,29.689,-84.363,,5.4,351,,,,,,,,,,,,,,,,,,,,,,,,,,
235936,1145,10/3/2024,29.709,29.733,-84.153,-84.162,29.721,-84.1575,16.5,9.8,135,30,202.1,,,,,,,,,,,,,,,,,,,,,,,,
235937,1145,10/3/2024,29.534,29.534,-84.211,-84.239,29.534,-84.225,22.1,7.5,86,30,128.5,,,,,,,,,,,,,,,,,,,,,,,,
235938,1145,10/3/2024,29.407,29.404,-84.041,-84.069,29.4055,-84.055,23.6,9.5,98,30,321.3,,,,50,5,,,,,,,,,,,,,,,,,,,
235939,1145,10/3/2024,29.379,29.378,-84.2,-84.229,29.3785,-84.2145,26.5,8.2,89,30,48.6,,,,40,7,,,,,,,,,,,,,,,,,,,
235940,1145,10/3/2024,29.499,29.508,-84.373,-84.399,29.5035,-84.386,26.3,12.1,109,30,30,,,,,10,,,,,,,,,,,,,,,,,,,
235941,1145,10/3/2024,29.453,29.452,-84.472,-84.501,29.4525,-84.4865,28,9.3,64,30,143.8,,,,8,14,,,,,,,,,,,,,,,,,,,
235942,1145,10/3/2024,29.166,29.165,-84.262,-84.29,29.1655,-84.276,30,6.3,47,30,80.7,,,,9,,,,,,,,,,,,,,,,,,,,
235943,1145,10/4/2024,29.273,29.274,-84.593,-84.621,29.2735,-84.607,33.1,5.1,280,30,71.9,,,,,,,,,,,,,,,,,,,,,,,,
235944,1145,10/4/2024,29.129,29.14,-84.772,-84.798,29.1345,-84.785,36.9,6.1,43,30,82.7,,,,,,,,,,,,,,,,,,,,,,,,
235945,1145,10/4/2024,29.026,29.027,-84.718,-84.747,29.0265,-84.7325,39.5,5,102,30,36.1,,,,,,,,,,,,,,,,,,,,,,,,
235946,1145,10/4/2024,28.791,28.816,-84.511,-84.509,28.8035,-84.51,42.8,13.6,145,30,35.1,,,,,,,,,,,,,,,,,,,,,,,,
235947,1145,10/4/2024,28.63,28.648,-84.212,-84.232,28.639,-84.222,38.4,12.3,105,30,17,,,,50,4,,,,,,,,,,,,,,,,,,,
235948,1145,10/4/2024,28.634,28.64,-84.486,-84.513,28.637,-84.4995,47.4,10.2,103,30,14.4,,,,70,7,,,,,,,,,,,,,,,,,,,
235949,1145,10/4/2024,28.645,28.652,-84.602,-84.628,28.6485,-84.615,51.4,7.9,199,30,8.2,,,,9,,,,,,,,,,,,,,,,,,,,
235950,1145,10/4/2024,28.595,28.608,-84.72,-84.743,28.6015,-84.7315,56.7,1.5,2,30,17.8,,,,9,,,,,,,,,,,,,,,,,,,,
235951,1146,10/14/2024,28.389,28.407,-84.455,-84.436,28.398,-84.4455,56.5,9,340,30,27.2,,,,,,,,,,,,,,,,,,,,,,,,
235952,1146,10/14/2024,28.209,28.186,-84.362,-84.374,28.1975,-84.368,56,6.3,322,30,6.1,,,,1,23,,,,,,,,,,,,,,,,,,,
235953,1146,10/14/2024,28.168,28.148,-84.209,-84.189,28.158,-84.199,49.9,5.8,328,30,7.9,,,,1,10,,,,,,,,,,,,,,,,,,,
235954,1146,10/14/2024,28.028,28.042,-84.352,-84.375,28.035,-84.3635,65.3,5.5,14,30,8.1,,,,,31,,,,,,,,,,,,,,,,,,,
235955,1146,10/14/2024,27.957,27.933,-84.252,-84.242,27.945,-84.247,58.5,4.8,293,30,7.4,,,,,15,,,,,,,,,,,,,,,,,,,
235956,1146,10/14/2024,27.721,27.745,-84.238,-84.239,27.733,-84.2385,67.1,5.7,331,30,15.7,,,,,17,,,,,,,,,,,,,,,,,,,
235957,1146,10/14/2024,27.65,27.669,-84.165,-84.183,27.6595,-84.174,62.7,8.6,320,30,14.2,,,,,,,,,,,,,,,,,,,,,,,,
235958,1146,10/15/2024,27.72,27.736,-83.92,-83.898,27.728,-83.909,52.1,5.3,251,30,15.2,,,,,,,,,,,,,,,,,,,,,,,,
235959,1146,10/15/2024,27.564,27.541,-83.902,-83.915,27.5525,-83.9085,53.9,5.3,251,30,19,,,,,,,,,,,,,,,,,,,,,,,,
235960,1146,10/15/2024,27.326,27.309,-83.778,-83.757,27.3175,-83.7675,55,5.3,316,30,35.2,,,,,,,,,,,,,,,,,,,,,,,,
235961,1146,10/15/2024,27.313,27.312,-83.587,-83.559,27.3125,-83.573,50.1,3.9,331,30,76,,,,,,,,,,,,,,,,,,,,,,,,
235962,1146,10/15/2024,27.387,27.387,-83.309,-83.281,27.387,-83.295,37.9,6.6,312,30,28.7,,,,,,,,,,,,,,,,,,,,,,,,
235963,1146,10/15/2024,27.568,27.544,-83.432,-83.438,27.556,-83.435,39.3,4.3,319,30,11.6,,,,2,17,,,,,,,,,,,,,,,,,,,
235964,1146,10/15/2024,27.621,27.642,-83.153,-83.138,27.6315,-83.1455,27.6,1.4,332,30,181.2,,,,1,3,,,,,,,,,,,,,,,,,,,
235965,1146,10/15/2024,27.923,27.937,-83.176,-83.2,27.93,-83.188,22.9,8.2,296,30,53.8,,,,3,3,,,,,,,,,,,,,,,,,,,
235966,1146,10/15/2024,27.957,27.959,-83.442,-83.415,27.958,-83.4285,31.8,6.6,334,30,53.5,,,,2,,,,,,,,,,,,,,,,,,,,
235967,1146,10/16/2024,28.005,28.014,-83.804,-83.83,28.0095,-83.817,43.5,3.8,300,30,180.8,,,,,,,,,,,,,,,,,,,,,,,,
235968,1146,10/16/2024,28.091,28.066,-83.924,-83.922,28.0785,-83.923,44.4,3.9,44,30,264.3,,,,,,,,,,,,,,,,,,,,,,,,
235969,1146,10/16/2024,28.173,28.147,-83.757,-83.757,28.16,-83.757,37.7,5.7,54,30,113.6,,,,,,,,,,,,,,,,,,,,,,,,
235970,1146,10/16/2024,28.146,28.125,-83.596,-83.611,28.1355,-83.6035,32.9,4.9,44,30,40.7,,,,,,,,,,,,,,,,,,,,,,,,
235971,1146,10/16/2024,28.248,28.225,-83.296,-83.308,28.2365,-83.302,20.7,18,12,30,91.8,,,,,,,,,,,,,,,,,,,,,,,,
235972,1147,6/4/2024,28.486,28.465,-89.995,-89.992,28.4755,-89.9935,54.5,16.5,145,30,,,,,50,,,52.5,103,,27.86,22.58,20.37,36.33,36.34,36.25,0.07,0.267,0.1,6.5,5.7,4.1,94.8024,93.559,80.8635
235973,1147,6/4/2024,28.349,28.331,-90.132,-90.145,28.34,-90.1385,43.3,13.4,148,30,23.3,,,,50,,,40,76,,28.13,24.47,21.45,36.26,36.53,36.52,0.029,0.084,1.016,6.5,7,4.5,94.775,95.1985,38.3799
235974,1147,6/5/2024,28.287,28.266,-90.18,-90.186,28.2765,-90.183,49.6,7.5,133,30,20.7,,,,,,,44,85,,28.06,24.49,20.96,36.25,36.5,36.54,0.105,0.25,0.671,6.5,6.8,4.8,95.103,94.5397,50.6839
235975,1147,6/5/2024,28.344,28.326,-90.621,-90.636,28.335,-90.6285,27.7,16.1,151,30,25.1,,,,,,,25.5,49,,27.85,26.61,23.25,36.27,36.33,30.37,0.047,0.035,1.489,6.4,6.7,6.5,95.6073,95.4739,70.2914
235976,1147,6/5/2024,28.357,28.34,-90.945,-90.957,28.3485,-90.951,28,17,166,30,14.1,,,,,,,29.5,57,,27.93,26.16,22.75,36.01,36.36,36.53,,0.109,2.021,6.4,6.2,5.1,95.6728,95.2968,58.181
235977,1147,6/7/2024,26.599,26.577,-96.513,-96.507,26.588,-96.51,53.8,8.5,96,30,23.1,,,,,,,49,97,,29.38,22.27,20.58,33.24,36.46,36.52,0.094,0.492,0.168,6.3,6.1,5.2,95.3128,95.7469,68.5558
235978,1147,6/7/2024,26.427,26.405,-96.392,-96.383,26.416,-96.3875,49.6,7.3,71,30,33.6,,,,,,,,,,,,,,,,,,,,,,,,
235979,1147,6/7/2024,26.278,26.267,-96.397,-96.376,26.2725,-96.3865,43.7,6.7,84,30,22.8,,,,75,,,48,94,,28.91,22.04,20.45,35.15,36.51,36.58,0.271,0.584,0.151,6.4,5.6,4.8,93.7864,95.6941,78.009
235980,1147,6/7/2024,26.172,26.15,-96.418,-96.424,26.161,-96.421,41.4,2.6,221,30,39.5,,,,50,,,38.5,75,,29.69,22.37,21.39,35.44,36.49,36.44,0.082,1.43,0.487,6.4,5.9,5.4,94.4038,93.0624,
235981,1147,6/7/2024,26.165,26.154,-96.694,-96.673,26.1595,-96.6835,26.5,12.7,69,30,23.6,,,,50,,,23.5,45,,28.54,23.35,21.57,33.99,36.25,36.35,0.128,0.328,1.567,6.4,6.5,5.4,93.3866,94.7674,62.7243
235982,1147,6/7/2024,25.985,25.985,-97.022,-96.997,25.985,-97.0095,14.2,17.2,74,30,70.7,,,,50,,,12.5,23,,28.19,26.63,23.72,35.42,35.55,35.6,0.246,0.57,1.404,6.5,6.1,4,81.0791,84.3333,41.2817
235983,1147,6/8/2024,26.071,26.054,-96.977,-96.961,26.0625,-96.969,16.1,15.4,83,30,92,,,,25,,,14.5,27,,28.68,25.89,23.38,34.83,35.23,35.79,0.209,0.988,1.836,6.4,5.9,3,91.0306,79.7498,14.7491
235984,1147,6/8/2024,26.136,26.125,-97.081,-97.06,26.1305,-97.0705,10.7,14.3,98,30,80.8,,,,,,,10,18,,27.74,27.42,25.36,34.38,34.6,34.46,0.337,0.835,2.956,4.1,4.6,5.3,92.6965,88.4166,35.7741
235985,1147,6/8/2024,26.309,26.291,-97.023,-97.008,26.3,-97.0155,15.2,10.2,111,30,91.1,,,,,,,13.5,26,,29.03,25.1,24.49,32.73,35.08,35.43,0.161,1.11,1.863,5.6,5.6,5.2,94.4099,90.7102,53.3702
235986,1147,6/8/2024,26.408,26.389,-96.857,-96.843,26.3985,-96.85,22.7,6.6,123,30,13.5,,,,,,,,,,,,,,,,,,,,,,,,
235987,1147,6/8/2024,26.645,26.627,-96.739,-96.722,26.636,-96.7305,35.7,6.4,123,31,29.6,,,,,,,32,63,,29.29,24.09,21.8,33.71,36.41,36.43,0.099,0.332,,6.1,6.7,5.8,95.4033,95.8423,68.5038
235988,1147,6/8/2024,26.942,26.922,-96.621,-96.611,26.932,-96.616,54,6.5,114,30,16.1,,,,,,,,,,,,,,,,,,,,,,,,
235989,1147,6/8/2024,26.86,26.843,-96.932,-96.917,26.8515,-96.9245,27.4,5.2,137,30,27.2,,,,25,,,24,47,,29.78,24.05,21.75,30.16,35.65,36.33,0.142,0.422,0.459,6.4,5.4,5.1,94.2889,94.0243,61.7864
235990,1147,6/8/2024,26.874,26.854,-97.249,-97.237,26.864,-97.243,12.9,13,116,30,12.4,,,,25,,,11.5,21,,29.47,29.25,28.52,30.73,31,32.3,0.451,0.649,0.647,6.4,6.2,5.5,93.1163,93.1546,84.0616
235991,1147,6/9/2024,27.166,27.147,-97.007,-96.994,27.1565,-97.0005,21.5,16.3,145,30,50.5,,,,25,,,18.5,35,,30.1,27.13,22.11,30.07,35.16,36.28,0.212,0.345,0.311,5.1,5.8,4.4,93.5186,94.5301,41.239
235992,1147,6/9/2024,27.048,27.026,-96.767,-96.765,27.037,-96.766,39.6,11.7,132,30,16.4,,,,,,,35.5,69,,29.64,23.91,21.42,31.09,36.4,36.51,0.224,0.453,0.248,6.4,6.6,5.3,94.2287,95.6562,59.3289
235993,1147,6/9/2024,27.176,27.155,-96.604,-96.609,27.1655,-96.6065,49.9,14.8,141,30,12.7,,,,,,,44.5,88,,29.67,24.25,21.22,33.83,36.65,37.08,0.021,0.31,0.225,6.3,5.9,5.3,95.4511,96.1367,41.1963
235994,1147,6/9/2024,27.399,27.377,-96.537,-96.536,27.388,-96.5365,45.8,12.8,152,30,10.8,,,,,,,41.5,79,,29.47,24.28,21.71,32.03,36.55,36.43,0.234,0.18,0.15,6.3,6.6,5,94.9315,96.2674,59.543
235995,1147,6/9/2024,27.518,27.497,-96.832,-96.836,27.5075,-96.834,21.9,10.3,152,30,23.7,,,,,,,20,38,,29.51,26.38,22.37,28.22,33.74,36.21,0.611,0.249,0.285,4.5,4,4,92.6451,93.4691,47.8625
235996,1147,6/9/2024,27.512,27.491,-97.037,-97.047,27.5015,-97.042,14.7,11.7,145,30,19.5,,,,,,,13.5,25,,29.66,29.49,25.64,28.02,28.14,34,0.503,0.75,0.383,8.6,5,5.5,92.6558,93.0243,34.5857
235997,1147,6/9/2024,27.435,27.412,-97.138,-97.144,27.4235,-97.141,13,16.1,140,30,5.9,,,,,,,13.5,23,,29.64,29.57,25.83,27.99,28.04,33.66,0.463,0.6,0.857,6.4,6.1,1.5,93.2023,93.2673,40.9037
235998,1147,6/9/2024,27.596,27.576,-97.127,-97.138,27.586,-97.1325,9.8,15,136,30,7.7,,,,50,,,8.5,15,,29.96,29.65,29.35,28.17,28.34,29.33,0.526,0.727,0.864,6.5,6.5,5.2,92.5096,92.7087,87.0414
235999,1147,6/9/2024,27.624,27.602,-96.901,-96.895,27.613,-96.898,16.1,14.1,140,30,41.3,,,,25,,,14.5,27,,29.95,27.88,24.89,27.35,32.08,35.29,1.375,0.289,0.283,6.9,3.5,3.8,86.4068,89.7972,43.17
236000,1147,6/10/2024,27.744,27.725,-96.71,-96.699,27.7345,-96.7045,18.6,11.2,134,30,27.3,,,,25,,,16,30,,29.89,27.71,24.35,26.46,33.6,35.52,1.603,0.341,0.289,7.1,5.2,3.4,86.0171,94.3336,62.7388
236001,1147,6/10/2024,27.781,27.76,-96.581,-96.57,27.7705,-96.5755,22,10.1,125,30,16.9,,,,,,,19.5,37,,29.98,26.38,22.09,25.96,34.78,36.2,0.723,0.24,0.339,6.7,5.2,3.9,92.0654,94.0878,34.2088
236002,1147,6/10/2024,27.61,27.589,-96.506,-96.502,27.5995,-96.504,34.5,9.5,142,30,13,,,,,,,31,60,,29.52,25.05,21.61,29.38,36.38,36.39,0.444,0.276,0.209,6.4,6.4,4.4,93.3128,95.7951,61.8725
236003,1147,6/10/2024,27.601,27.586,-96.205,-96.225,27.5935,-96.215,54.1,9.5,147,30,22.5,,,,,,,52,103,,29.35,23.12,20.56,32.44,36.54,36.61,0.275,0.313,0.112,6.1,6.2,4.6,94.9611,96.4886,44.5261
236004,1147,6/10/2024,27.712,27.707,-95.722,-95.746,27.7095,-95.734,58.9,5.2,137,30,15.6,,,,,,,54,107,,29.4,23.19,20.27,31.33,36.49,36.69,0.192,0.342,0.057,6.2,6.3,4.8,95.0424,95.282,71.8384
236005,1147,6/10/2024,27.841,27.837,-95.839,-95.864,27.839,-95.8515,34.4,4.7,95,30,10.6,,,,25,,,31,60,,29.89,25.16,22.27,30.68,36.51,36.44,0.078,0.424,0.327,6.4,6.5,5.6,94.9749,94.975,78.7426
236006,1147,6/10/2024,28.077,28.09,-96.121,-96.141,28.0835,-96.131,19.6,4,108,30,12.8,,,,25,,,18,34,,30.04,28.37,22.75,25.74,34.51,36.2,0.53,0.213,0.437,6.8,6,4.5,91.6983,94.8531,40.7811
236007,1147,6/11/2024,28.189,28.187,-96.187,-96.213,28.188,-96.2,14.4,6.1,128,30,23.2,,,,25,,,12.5,23,,30.18,29.36,26.08,25.16,29.5,35.47,0.798,0.375,0.537,7.1,6.2,3.8,90.118,94.8523,43.7685
236008,1147,6/11/2024,27.996,27.987,-96.29,-96.313,27.9915,-96.3015,20.4,6.9,125,30,12.2,,,,,,,19,36,,30.01,27.36,22.51,27.71,34.4,36.12,0.577,0.354,0.481,6.5,4.7,3.5,93.2745,94.4264,33.0939
236009,1147,6/11/2024,27.875,27.881,-96.337,-96.359,27.878,-96.348,26.2,7.8,87,30,18.6,,,,,,,25.5,48,,29.72,25.46,21.78,27.94,35.25,27.73,0.392,0.376,0.012,6.6,5.3,3.6,93.3473,94.0853,37.3639
236010,1147,6/11/2024,27.948,27.943,-96.648,-96.624,27.9455,-96.636,13.5,7.1,154,30,36.4,,,,,,,12.5,23,,30.13,28.63,25.14,24.91,30.75,35.3,0.604,0.337,0.202,6.9,5.4,2.8,90.4056,89.954,37.4924
236011,1147,6/11/2024,28.094,28.11,-96.499,-96.479,28.102,-96.489,13,4,121,30,46.8,,,,,,,12,22,,29.97,29.53,25.67,25.16,26.72,35.05,1.093,0.817,0.321,8.9,6.3,2.1,90.6902,91.8158,44.6047
236012,1147,6/11/2024,28.16,28.146,-96.37,-96.39,28.153,-96.38,13.8,5.2,137,30,33.8,,,,,,,13,24,,30.04,29.42,26.14,25.62,29.7,35.22,0.81,0.373,0.32,7,5.8,4.1,90.8484,91.1077,35.1053
236013,1147,6/11/2024,28.503,28.48,-96.118,-96.116,28.4915,-96.117,6.6,5,129,30,0.7,,,,25,,,5.5,9,,30.65,30,28.16,24.34,26.78,30.48,0.726,0.736,1.426,6.6,6.3,0.4,91.1772,90.3612,58.214
236014,1147,6/11/2024,28.47,28.451,-95.971,-95.957,28.4605,-95.964,9.8,7.6,118,30,18.3,,,,50,,,8.5,15,,30.46,29.2,27.03,25.18,27.92,34.36,0.551,0.936,0.609,6.5,5.8,2.3,93.1317,91.6721,59.1392
236015,1147,6/11/2024,28.28,28.265,-95.868,-95.849,28.2725,-95.8585,14.9,8,125,30,68.1,,,,50,,,13,24,,30,28.58,26.03,25.75,31.72,36.08,1.11,0.371,0.47,6.7,5.5,4.8,88.4159,93.358,47.5831
236016,1147,6/11/2024,28.206,28.197,-95.75,-95.727,28.2015,-95.7385,19.4,8.9,132,30,25.4,,,,25,,,16.5,32,,30.78,28.88,23.64,27.47,34.46,36.11,0.859,0.322,0.81,6.8,6.2,5.5,88.475,95.3027,62.1955
236017,1147,6/12/2024,28.173,28.153,-95.596,-95.588,28.163,-95.592,22.5,7.8,121,30,15.1,,,,25,,,19.5,38,,30.18,29.07,23.1,30.5,34.7,36.2,0.206,0.21,0.721,6.5,6.2,5.7,94.2362,95.6755,72.0776
236018,1147,6/12/2024,28.016,28.004,-95.539,-95.561,28.01,-95.55,29.6,5.8,107,30,18.5,,,,,,,26.5,51,,30.32,25.62,22.36,28.86,36.43,36.49,0.459,0.422,0.861,6.5,6.3,5.4,91.2862,95.5297,74.7996
236019,1147,6/12/2024,27.856,27.847,-95.528,-95.549,27.8515,-95.5385,39,7.3,95,30,16.5,,,,,,,35.5,69,,29.3,24.73,20.57,29.39,36.37,36.56,0.717,0.335,0.204,6.2,6.2,4.6,92.934,95.632,83.4525
236020,1147,6/12/2024,27.866,27.878,-95.331,-95.31,27.872,-95.3205,55.2,6.6,129,30,22.4,,,,,,,50.5,99,,30.27,23.24,20.09,31.51,36.39,36.52,0.227,0.693,0.145,6.3,6.2,4.6,95.0925,95.4774,80.4132
236021,1147,6/12/2024,27.949,27.951,-94.793,-94.768,27.95,-94.7805,53.5,4,73,30,24.9,,,,,,,48.5,95,,29.85,23.55,20.95,33.75,36.54,36.58,0.111,0.127,0.353,6.2,6.3,5.1,96.1979,96.1345,85.8307
236022,1147,6/12/2024,28.114,28.127,-94.94,-94.96,28.1205,-94.95,31.1,5.7,98,30,5.2,,,,,,,29.5,56,,29.96,26.96,20.86,33.55,35.36,37,0.055,0.292,0.36,6.2,6,5.1,95.5282,95.8039,85.972
236023,1147,6/12/2024,28.047,28.068,-95.159,-95.145,28.0575,-95.152,33.8,5.5,192,31,9.5,,,,75,,,31.5,61,,29.95,25.38,20.63,32.97,36.03,36.53,0.092,0.304,0.321,6.3,6.5,4.9,95.2111,95.5181,84.6917
236024,1147,6/13/2024,28.178,28.194,-95.297,-95.281,28.186,-95.289,26.3,6.3,67,30,27.1,,,,50,,,24,46,,30.59,27.75,22.46,31.92,36.26,36.4,0.11,0.237,1.319,6.2,6.3,5.4,94.9891,95.2716,73.8552
236025,1147,6/13/2024,28.316,28.308,-95.151,-95.175,28.312,-95.163,21.6,6.3,80,30,13.1,,,,,,,19.5,37,,30.43,29.44,24.22,33.79,34.09,36.09,0.068,0.124,2.208,6.2,6.2,5.6,95.4202,93.7745,74.1978
236026,1147,6/13/2024,28.404,28.411,-95.447,-95.47,28.4075,-95.4585,16.4,8.5,90,30,19.1,,,,,,,15.5,29,,29.79,28.46,26.83,32.66,34.15,35.91,0.193,0.544,1.916,6.3,6,5.8,95.1951,95.3647,52.1909
236027,1147,6/13/2024,28.484,28.503,-95.494,-95.482,28.4935,-95.488,15.2,8.6,122,30,38.8,,,,,,,14,26,,29.7,29.09,27.13,30.7,32.59,35.73,0.469,0.391,1.171,6.2,6.2,4.6,94.1192,94.5951,42.7836
236028,1147,6/13/2024,28.546,28.557,-95.396,-95.417,28.5515,-95.4065,15.1,6.6,145,30,51.2,,,,,,,14.5,27,,30.26,29.18,26.94,26.73,32.33,35.58,0.685,0.252,2.364,6.6,6.2,3.7,92.4925,95.1114,25.2053
236029,1147,6/13/2024,28.759,28.764,-95.479,-95.454,28.7615,-95.4665,6.8,7.5,95,30,5.2,,,,,,,6.5,11,,30.37,30,27.63,18.16,23.59,29.95,4.916,1.372,1.101,7.1,3.2,0.4,34.1252,50.392,
236030,1147,6/13/2024,28.591,28.581,-95.15,-95.128,28.586,-95.139,16.6,5.9,52,30,19.7,,,,,,,15.5,29,,30.69,27.3,25.74,22.53,33.77,35.59,0.723,0.285,1.286,7.2,5,3,88.0803,89.2533,58.7134
236031,1147,6/13/2024,28.567,28.552,-94.874,-94.855,28.5595,-94.8645,18,8.7,62,30,21.4,,,,50,,,16,30,,30.26,28.21,26.13,29.11,34.05,35.79,0.372,0.428,1.466,6.4,6.2,5.2,92.2358,94.7312,52.8799
236032,1147,6/13/2024,28.29,28.304,-94.793,-94.774,28.297,-94.7835,26.1,10.1,50,30,13.8,,,,50,,,23,45,,30.98,28.66,22.1,33.22,34.71,36.38,0.138,0.15,1.502,6.2,6.3,4.8,95.2204,95.6006,65.4042
236033,1147,6/14/2024,28.468,28.45,-94.594,-94.578,28.459,-94.586,21.7,13.7,96,30,21.3,,,,25,,,19.5,37,,29.56,28.33,23.7,31.89,35.23,36.28,0.413,0.174,2.074,6.4,6.4,5.1,91.0802,95.2215,73.4529
236034,1147,6/14/2024,28.339,28.322,-94.374,-94.358,28.3305,-94.366,26.1,9.7,100,30,74.6,,,,,,,22,42,,30.41,27.72,23.06,32.14,35.7,36.4,0.125,0.098,2.354,6.2,6.4,4.9,95.1293,96.0167,74.2651
236035,1147,6/14/2024,28.223,28.203,-94.284,-94.274,28.213,-94.279,29.2,8.6,101,30,3.3,,,,,,,26,51,,30.06,27.3,21.75,33.61,35.68,36.44,0.126,0.127,1.276,6.2,6.4,5.3,94.193,95.9629,79.1314
236036,1147,6/14/2024,28.132,28.114,-94.353,-94.337,28.123,-94.345,32.6,7.5,98,30,17.2,,,,,,,30.5,59,,30.45,25.21,21.91,32.41,35.69,36.49,0.174,0.877,0.59,6.2,5.8,5.6,95.3326,95.2809,84.3399
236037,1147,6/14/2024,28.089,28.102,-94.127,-94.106,28.0955,-94.1165,37.7,7.3,105,30,19.4,,,,,,,35,68,,29.87,25.2,22.32,33.68,35.81,36.52,0.09,0.59,0.856,6.2,5.9,5.8,96.0421,95.6218,84.1777
236038,1147,6/14/2024,28.131,28.11,-94.01,-94.017,28.1205,-94.0135,37.1,7.5,64,30,,,,,,,,34,67,,30.16,24.83,22.11,35.27,35.94,36.45,0.045,0.084,1.134,6,6.3,5.7,96.1614,96.2559,70.1763
236039,1147,6/14/2024,27.973,27.979,-93.95,-93.926,27.976,-93.938,46.6,12.5,63,30,6.3,,,,,,,42.5,84,,30.21,25.6,22.77,34.98,36.6,36.57,0.033,0.003,0.692,6.1,6.7,5.9,96.2642,96.2175,91.8101
236040,1147,6/14/2024,27.973,27.978,-93.717,-93.693,27.9755,-93.705,54.3,13.6,62,30,,,,,50,,,49,97,,30.39,25.27,21.83,35.62,36.58,36.63,0.009,0.066,0.382,6.3,6.8,5.3,95.9378,96.1599,83.498
236041,1147,6/23/2024,29.348,29.359,-94.614,-94.593,29.3535,-94.6035,6.3,12,130,30,66.7,,,,,,,6.5,11,,29.65,29.66,29.29,27.7,27.7,30.33,2.196,2.132,0.987,6.3,6.2,5.6,18.8409,17.3475,4.9953
236042,1147,6/23/2024,29.41,29.405,-94.551,-94.527,29.4075,-94.539,6,13.3,112,30,60.4,,,,,,,5.5,9,,29.69,29.69,29.23,25.3,25.42,31.33,3.098,2.983,0.47,6.7,6.6,5,13.9572,10.3607,
236043,1147,6/23/2024,29.297,29.298,-94.364,-94.339,29.2975,-94.3515,8.9,11.6,120,30,75.9,,,,,,,9,15,,29.04,29.02,28.99,34.7,34.7,35,1.315,1.27,1.74,5.9,5.9,5.5,30.2985,30.0544,4.7281
236044,1147,6/23/2024,29.27,29.265,-94.044,-94.019,29.2675,-94.0315,8.6,9.7,100,30,154.6,,,,,,,8,14,,29.11,29.12,29.06,35.1,35.16,35.39,2.227,2.067,1.518,6.2,6.1,5.9,37.4021,36.4048,25.3802
236045,1147,6/23/2024,29.096,29.078,-93.981,-93.964,29.087,-93.9725,11,11.7,84,30,109.5,,,,,,,10.5,19,,28.87,28.87,28.88,36.25,36.25,36.24,0.618,0.623,0.569,5.8,5.9,5.8,15.1969,12.9453,12.2751
236046,1147,6/23/2024,29.217,29.222,-93.51,-93.818,29.2195,-93.664,8.9,10.2,96,30,,,,,,,,8.5,15,,28.99,28.99,29,35.41,35.54,35.83,0.877,0.943,1,5.9,5.9,5.6,34.8019,34.4276,2.0921
236047,1147,6/23/2024,29.239,29.231,-93.728,-93.705,29.235,-93.7165,8.7,10,104,30,39.3,,,,25,,,6.5,12,,29.47,29.32,29.06,35.63,35.71,36.01,1.255,1.622,1.02,6.7,6.3,6,38.4283,32.588,1.0416
236048,1147,6/23/2024,29.2,29.191,-93.639,-93.616,29.1955,-93.6275,10.1,11.5,117,30,45.3,,,,25,,,8.5,16,,29.84,28.99,28.99,36.22,36.17,36.23,0.651,1.058,0.738,6.4,6,6,45.4077,30.0443,22.8636
236049,1147,6/24/2024,29.169,29.161,-93.197,-93.174,29.165,-93.1855,10.7,9,150,30,148.4,,,,,,,9.5,18,,29.4,28.84,28.81,36,36.04,36.05,1.205,0.643,0.649,6.2,5.9,5.8,45.4299,37.5156,6.8522
236050,1147,6/24/2024,29.32,29.334,-92.849,-92.828,29.327,-92.8385,9.6,3.4,196,30,54.9,,,,,,,8.5,16,,29.72,29.2,28.67,30.16,32.88,34.59,5.954,2.26,1.052,7.7,6.6,5.2,43.2138,64.6824,17.5591
236051,1147,6/24/2024,29.358,29.354,-92.981,-92.957,29.356,-92.969,9.1,6.5,146,30,68.8,,,,,,,8,15,,29.43,28.78,28.65,32.1,32.9,33.28,6.255,1.358,1.384,7.4,5.1,4.3,51.8483,34.2465,0.6699
236052,1147,6/24/2024,29.354,29.339,-93.115,-93.095,29.3465,-93.105,9,7,133,30,46.8,,,,,,,8.5,15,,29.37,28.84,28.76,31.55,33.46,34.97,5.277,1.261,1.198,7.2,5.6,5.4,47.8199,36.8334,12.902
236053,1147,6/24/2024,29.497,29.517,-93.335,-93.323,29.507,-93.329,7.8,7.9,143,30,,,,,,,,7,12,,29.01,29.27,28.92,27.54,34.06,34.52,3.888,3.987,2.583,6.5,7.3,4.8,41.0105,54.2421,3.6762
236054,1147,6/24/2024,29.581,29.593,-93.327,-93.347,29.587,-93.337,7.3,6,144,30,,,,,,,,7,12,,29.3,29.14,28.85,21.14,27.38,33.56,2.561,1.326,1.369,6,6,4.3,21.4229,25.7672,
236055,1147,6/24/2024,29.617,29.599,-93.503,-93.515,29.608,-93.509,7,3.5,127,30,88,,,,,,,7,11,,29.67,29.86,29.58,23.35,25.04,26,2.682,1.657,2.041,7.7,7.9,5.7,63.9046,76.9952,
236056,1147,6/24/2024,29.528,29.542,-93.582,-93.6,29.535,-93.591,6.5,4.5,204,30,,,,,75,,,5,9,,29.97,29.47,29.3,24.32,24.72,28.1,7.799,1.4,1.1,10,6.5,5,32.6595,67.6516,19.7046
236057,1147,6/24/2024,29.47,29.491,-93.847,-93.857,29.4805,-93.852,6.8,6.6,156,30,68.6,,,,50,,16,5,9,,30.35,29.32,29.27,26.79,27.68,28.59,2.349,2.082,1.278,8.5,5.9,5.4,57.1453,34.7924,26.8281
236058,1147,6/24/2024,29.558,29.546,-93.839,-93.862,29.552,-93.8505,7.2,8.6,148,30,59.1,,,,25,,,6,11,,30.72,29.73,29.61,19.85,26.8,27.02,14.19,2.075,1.325,13.7,7.5,6.6,22.6583,60.6344,
236059,1147,6/24/2024,29.522,29.514,-93.947,-93.972,29.518,-93.9595,7.1,7.8,160,30,73.2,,,,25,,18,6,11,,30.97,29.82,29.35,17.8,26.61,27.63,9.106,1.594,1.076,9.4,7.2,5.1,16.8042,42.6406,12.5753
236060,1147,6/25/2024,29.389,29.366,-94.31,-94.315,29.3775,-94.3125,8,11,155,30,74.5,,,,,,,7,12,,30.15,29.43,29.45,29.79,31.97,32.42,1.171,1.698,1.643,7.5,7.3,6.8,76.8616,59.5533,35.9252
236061,1147,6/25/2024,29.034,29.016,-94.332,-94.317,29.025,-94.3245,7.4,13.2,152,30,66.5,,,,,,,7,12,,29.51,29.51,29.05,35.64,35.64,35.79,0.176,0.179,1.295,6.3,6.3,5.8,78.2821,78.3188,18.869
236062,1147,6/25/2024,29.046,29.028,-94.52,-94.504,29.037,-94.512,9.3,12.9,163,30,140.3,,,,,,,8,15,,29.48,29.48,28.86,35.36,35.36,36.08,0.12,0.112,2.731,6.3,6.3,5,81.9577,82.0046,
236063,1147,6/25/2024,29.183,29.171,-94.806,-94.785,29.177,-94.7955,7.8,7.7,179,30,,,,,,,,6.5,12,,30.4,30.17,28.66,22.67,25.26,36.45,7.079,4.231,1.517,8.7,8.6,4.3,45.0684,62.3263,4.5913
236064,1147,6/25/2024,29.086,29.068,-94.819,-94.832,29.077,-94.8255,10.3,9.1,152,30,,,,,,,,9.5,17,,29.7,29.36,28.92,26.73,33.38,36.05,3.686,3.978,0.879,7.1,5.5,5.1,63.9444,62.5579,11.6262
236065,1147,6/25/2024,28.983,28.961,-94.963,-94.964,28.972,-94.9635,10.5,11,156,30,66.7,,,,25,,13,8.5,16,,30.04,29.16,29.1,30.3,33.63,36.11,1.627,1.409,1.423,6.9,5.8,5.4,66.7093,44.1824,26.0635
236066,1147,6/25/2024,28.806,28.79,-95.025,-95.009,28.798,-95.017,11,7.1,159,30,77.3,,,,,,4,9.5,17,,29.97,29.46,28.9,35.68,35.76,36.13,0.079,0.305,1.356,6.3,6.4,5.5,83.8445,80.5484,41.8415
236067,1147,6/25/2024,28.716,28.733,-94.743,-94.727,28.7245,-94.735,14.7,7,160,30,43.2,,,,25,,3,13,24,,29.82,29.09,28.58,35.29,35.35,35.91,0.011,0.252,1.525,6.2,6.5,5.4,92.1909,88.9373,49.2619
236068,1147,6/26/2024,28.945,28.923,-94.524,-94.523,28.934,-94.5235,11,9.5,161,30,133,,,,,,4,10,18,,29.88,29.41,28.75,35.42,35.42,36.06,0.103,0.249,1.395,6.4,6.5,4.7,83.4928,83.5224,28.1542
236069,1147,6/26/2024,28.724,28.704,-94.49,-94.478,28.714,-94.484,14.7,15.3,166,30,87.4,,,,,,,12.5,24,,29.66,29.26,28.55,35.42,35.42,35.78,0.115,0.224,1.099,6.3,6.3,5.2,86.1803,84.2102,39.3489
236070,1147,6/26/2024,28.72,28.709,-94.198,-94.176,28.7145,-94.187,15.5,13.3,183,30,59,,,,,,,14.5,27,,29.5,28.88,28.39,35.43,35.66,35.83,0.077,0.14,0.924,6.2,6.3,4.7,84.4302,87.6313,36.0588
236071,1147,6/26/2024,28.714,28.712,-94.058,-94.032,28.713,-94.045,15.6,3,255,30,94.2,,,,,,,14.5,27,,29.34,28.86,28.49,35.44,35.55,35.65,0.057,0.063,1.407,6.2,6.2,5.3,86.9143,91.4187,56.0977
236072,1147,6/26/2024,28.916,28.896,-93.601,-93.593,28.906,-93.597,13.4,13.1,199,30,82.8,,,,,,,12,23,,29.31,29.28,28.45,35.43,35.52,36.08,0.069,0.081,2.057,6.3,6.3,5.3,89.9191,89.4258,49.7382
236073,1147,6/26/2024,28.738,28.723,-93.632,-93.615,28.7305,-93.6235,13.6,10.5,190,30,3.1,,,,,,,12.5,23,,29.23,29.18,28.69,35.28,35.28,35.62,,0.036,0.391,6.2,6.2,6.2,90.9778,90.9314,79.1427
236074,1147,6/26/2024,28.631,28.61,-93.646,-93.639,28.6205,-93.6425,19.4,8,196,30,23.6,,,,25,,3,17,32,,29.27,28.95,28.48,35.27,35.25,35.59,,0.125,0.969,6.2,6.3,5.5,92.0116,91.3362,58.5624
236075,1147,6/26/2024,28.538,28.516,-93.573,-93.581,28.527,-93.577,20.6,8.6,195,30,42.7,,,,50,,2,19,36,,29.34,28.88,28.37,35.46,35.41,35.49,,0.027,1.063,6.2,6.2,5.8,94.6158,93.9459,50.8322
236076,1147,6/26/2024,28.57,28.551,-93.903,-93.893,28.5605,-93.898,20.6,11.9,197,30,52,,,,25,,2,18,34,,29.43,28.85,28.33,35.43,35.41,35.55,,0.053,0.846,6.3,6.2,6,92.7447,92.2099,76.3719
236077,1147,6/26/2024,28.466,28.457,-93.835,-93.857,28.4615,-93.846,25.9,6.7,220,30,12.3,,,,75,,2,23,45,,29.51,28.28,25.4,35.44,35.55,36.36,,0.015,1.13,6.3,6.3,6.3,94.0083,95.5491,75.5707
236078,1147,6/27/2024,28.352,28.33,-94.013,-94.021,28.341,-94.017,29.8,12.3,172,30,,,,,,,,26,50,,29.6,28.09,23.93,35.46,35.57,36.45,0.013,0.065,0.976,6.2,6.4,5.8,93.4509,95.4127,69.2551
236079,1147,6/27/2024,28.271,28.265,-93.791,-93.766,28.268,-93.7785,34.3,3.1,258,30,39.3,,,,,,,31.5,61,,29.63,27.7,22.76,34.94,36.02,35.7,0.04,0.027,0.844,6.2,6.4,5.3,95.473,95.9338,70.5863
236080,1147,6/27/2024,28.135,28.115,-93.703,-93.69,28.125,-93.6965,39.5,8.4,226,30,48.1,,,,,,,36.5,70,,29.24,27.39,22.79,35.19,36.5,36.5,0.002,,1.356,6.1,6.3,5.9,95.628,96.0505,75.8288
236081,1147,6/27/2024,27.971,27.951,-93.717,-93.706,27.961,-93.7115,54.3,2.3,294,30,34.6,,,,,,,49,97,,29.32,24.7,20.8,36.74,36.51,35.79,0.04,0.05,2.894,6.1,6.7,4.8,96.0582,95.602,71.6487
236082,1147,6/27/2024,28.244,28.265,-93.428,-93.427,28.2545,-93.4275,33,4.3,295,30,38.9,,,,,,,30.5,59,,29.15,27.81,22.83,35.23,35.65,36.52,0.034,0.047,1.001,6.1,6.4,6.1,95.8178,95.7531,85.3612
236083,1147,6/27/2024,28.373,28.375,-93.395,-93.369,28.374,-93.382,30.6,10.9,287,30,14.4,,,,100,,,28,54,,29.12,27.92,23.57,35.18,35.83,36.5,,0.077,1.12,6.2,6.3,6.1,95.5972,95.8265,61.8924
236084,1147,6/27/2024,28.535,28.528,-93.348,-93.323,28.5315,-93.3355,22.3,5.6,244,30,27.6,,,,75,,2,20,39,,29.2,28.88,26.25,35.4,35.44,36.29,,0.08,1.809,6,6.2,5.8,94.4994,94.5575,72.7937
236085,1147,6/27/2024,28.48,28.459,-92.952,-92.939,28.4695,-92.9455,26.8,6.9,206,30,49.9,,,,25,,2,23.5,46,,29.6,28.89,25.48,35.53,35.64,36.42,,0.043,2.511,6.1,6.2,5.9,95.0224,95.436,44.0727
236086,1147,6/28/2024,28.024,28.021,-93.047,-93.02,28.0225,-93.0335,57.1,8.2,175,30,,,,,,,,51.5,102,,29.35,24.33,20.44,35.59,36.5,36.55,0.042,0.144,0.182,6.1,6.6,4.7,95.6521,95.8203,63.7581
236087,1147,6/28/2024,28.006,28.002,-92.912,-92.888,28.004,-92.9,59.2,12.5,193,30,11.6,,,,,,,52.5,104,,29.39,24.36,20.57,36.42,36.51,36.61,0.027,0.123,0.359,6,6.7,4.7,95.4466,95.8578,63.7232
236088,1147,6/28/2024,28.257,28.257,-92.615,-92.59,28.257,-92.6025,36.2,11.5,231,30,14.5,,,,,,,32,63,,29.26,28.23,22.87,35.68,35.82,36.52,0.027,0.002,0.843,6.1,6.3,6.1,95.8824,95.9653,73.7256
236089,1147,6/28/2024,28.799,28.776,-92.339,-92.334,28.7875,-92.3365,19,10.1,208,31,9,,,,,,,16.5,32,,29.34,29.17,28.46,35.9,35.91,35.92,,0.129,0.603,6.1,6.2,5.7,89.7345,89.6713,78.8631
236090,1147,6/28/2024,28.231,28.226,-92.358,-92.333,28.2285,-92.3455,37.6,2.8,237,30,16.4,,,,25,,,33.5,66,,29.58,28.19,22.48,35.7,35.93,36.54,0.004,,0.982,6.1,6.3,5.8,95.5255,95.594,55.8455
236091,1147,6/29/2024,28.201,28.184,-92.034,-92.02,28.1925,-92.027,41,10.9,166,30,15.5,,,,25,,,36,71,,29.67,28.26,22.12,35.67,36.04,36.55,0.084,0.062,0.652,6.2,6.3,5.7,95.3595,95.6252,44.4143
236092,1147,6/29/2024,28.132,28.116,-91.929,-91.912,28.124,-91.9205,48.4,11.8,151,30,16.8,,,,25,,,42.5,84,,29.65,26.01,20.67,35.66,36.17,36.55,0.118,0.109,0.286,6.1,6.4,5,95.2911,95.4574,48.7024
236093,1147,6/29/2024,28.136,28.12,-91.746,-91.73,28.128,-91.738,48.4,15.3,157,30,19.9,,,,,,,44,85,,29.52,24.85,21.15,35.62,36.42,36.56,0.091,0.065,0.355,6.1,6.8,5.2,95.7068,95.5676,37.7612
236094,1147,6/29/2024,28.293,28.281,-91.45,-91.43,28.287,-91.44,39.5,16.9,176,30,,,,,,,,35.5,70,,29.37,28.9,22.3,35.57,36.37,36.55,0.065,0.025,0.986,6.2,6.2,5.9,95.6367,95.9603,53.7541
236095,1147,6/29/2024,28.658,28.658,-89.693,-89.668,28.658,-89.6805,56,11.9,124,30,,,,,50,,14,52,103,,30.21,23.49,18.69,27.53,36.49,36.49,0.63,0.191,0.113,7.4,6.7,4.3,75.6116,95.4753,68.6757
236096,1147,6/29/2024,28.738,28.73,-89.452,-89.476,28.734,-89.464,59.5,12.4,149,30,,,,,25,,16,51.5,102,,29.84,23.25,17.67,29.19,36.38,36.37,1.601,1.058,0.028,7.6,4.7,4.1,78.8263,90.7936,62.3401
236097,1147,6/30/2024,29.319,29.324,-88.796,-88.771,29.3215,-88.7835,29.6,7.5,180,30,62.7,,,,,,,27,52,,28.5,23.14,21.07,31.68,36.41,36.6,14.166,,0.089,10.5,5.7,5,35.2576,94.5169,58.2186
236098,1147,6/30/2024,29.454,29.455,-88.928,-88.901,29.4545,-88.9145,17.5,2.8,264,30,8.4,,,,,,,7.5,13,,29.36,26.79,26.71,26.34,35.34,35.36,3.036,1.404,2.497,7.8,4.1,4,65.6992,75.2218,73.4461
236099,1147,6/30/2024,29.425,29.447,-88.787,-88.778,29.436,-88.7825,14.2,4.3,277,30,17.1,,,,,,,14,26,,29.27,24.81,21.27,28,36.31,36.5,40.685,0.506,0.591,11.7,5.5,4.2,11.2653,90.9592,74.6582
236100,1147,6/30/2024,29.588,29.571,-88.515,-88.502,29.5795,-88.5085,24.6,4,300,30,72.3,,,,,,,20,38,,29.42,25.62,21.33,28.97,36.1,35.86,7.452,0.839,1.495,11.3,4.9,4.1,47.1009,82.6552,49.7824
236101,1147,6/30/2024,29.385,29.363,-88.37,-88.373,29.374,-88.3715,31.3,3.1,301,30,86.2,,,,,,11,27,52,,29.98,24.8,23.23,30.43,35.1,36.27,0.275,0.329,0.32,8.3,3.7,5.1,91.8294,89.1157,85.513
236102,1147,6/30/2024,29.289,29.296,-88.383,-88.359,29.2925,-88.371,37.4,5.2,254,30,96.2,,,,25,,11,35,68,,30.83,25.42,21.78,29.9,36.13,36.44,1.382,0.138,1.498,9.3,5.6,4.2,70.121,94.3394,66.7742
236103,1147,6/30/2024,29.383,29.383,-88.092,-88.09,29.383,-88.091,42.9,9.9,297,1,,,,,100,,,36.5,71,,31.51,28.12,19.66,23.13,36.34,36.53,3.422,0.136,0.078,8.7,6.1,4.2,66.9158,95.6988,79.6344
236104,1147,6/30/2024,29.378,29.398,-88.114,-88.126,29.388,-88.12,41.8,5.5,315,30,,,,,75,,,29.5,57,,31.07,28.38,21.35,23.59,36.31,36.53,3.959,0.193,0.672,8.3,6.1,4.3,69.7024,95.4078,77.8993
236105,1147,7/1/2024,29.428,29.447,-87.814,-87.831,29.4375,-87.8225,38.4,10.1,275,30,,,,,,,,37.5,73,,30.02,25.9,20.53,29.83,35.69,36.51,0.241,0.543,0.168,6.2,6,4.4,92.4352,94.7709,86.8996
236106,1147,7/1/2024,29.739,29.721,-88.202,-88.217,29.73,-88.2095,21.3,9,341,30,36.2,,,,,,,20,38,,30.05,27.81,23.86,25.84,35.63,35.82,0.431,0.259,0.828,6.4,5.2,4.7,92.1565,93.4419,84.0499
236107,1147,7/1/2024,29.649,29.632,-88.284,-88.302,29.6405,-88.293,22.7,4.1,360,30,68.3,,,,,,,21.5,41,,30.28,28.38,24.02,28.3,36.25,35.92,3.355,0.208,0.901,8.2,6.1,4.9,75.8822,95.3302,78.2716
236108,1147,7/1/2024,29.882,29.904,-88.35,-88.36,29.893,-88.355,19.2,13.6,20,30,33.3,,,,,,,18,34,,30.02,27.05,24.09,25.38,35.83,36.23,2.131,0.362,0.512,7.2,5.1,5.2,83.1242,93.7554,71.6757
236109,1147,7/1/2024,29.899,29.898,-88.061,-88.085,29.8985,-88.073,18.2,3.7,13,30,10.7,,,,,,,16,31,,30.7,25.57,23.61,22.86,34.92,35.56,0.98,0.619,0.55,6.8,5.4,4.3,79.4191,93.8676,88.489
236110,1147,7/1/2024,29.949,29.961,-88.197,-88.219,29.955,-88.208,17.8,2.3,134,30,9.6,,,,,,15,15.5,30,,30.96,27.94,23.46,22.72,35.9,35.7,0.817,0.405,0.746,6.8,5.2,3.9,77.3106,93.337,68.5031
236111,1147,7/1/2024,30.095,30.11,-88.394,-88.415,30.1025,-88.4045,10,6.5,224,30,3,,,,25,,16,8.5,16,,29.79,28.43,26.46,26.78,34.55,35.24,1.406,0.479,0.667,5.9,5.9,5.1,76.933,91.6197,90.3696
236112,1147,7/2/2024,30.092,30.095,-88.614,-88.639,30.0935,-88.6265,9.6,10,238,30,22.9,,,,25,,15,8,15,,31.29,27.83,25.03,20.92,32.57,34.99,3.219,1.365,0.528,9.5,4.5,4.5,48.7667,87.1363,86.903
236113,1147,7/8/2024,29.701,29.68,-87.67,-87.663,29.6905,-87.6665,21.5,6.1,187,30,41.9,,,,,,,20.5,39,,31.31,27.68,24.32,28.51,35.85,35.64,0.173,0.732,0.54,6.4,5.8,5.2,93.4571,91.8059,93.6144
236114,1147,7/9/2024,27.502,27.481,-84.071,-84.074,27.4915,-84.0725,38.6,9.1,207,30,21.5,,,,,,,35,68,,30.82,25.87,22.24,36.55,36.47,36.43,0.007,,0.683,6.1,7.2,6.7,96.278,96.0699,90.3311
236115,1147,7/9/2024,27.393,27.372,-84.295,-84.292,27.3825,-84.2935,53.2,9,196,30,40.7,,,,,,,48.5,96,,30.57,23.32,19.22,36.58,36.41,36.49,0.015,0.087,0.627,6.1,7.1,5.1,95.7965,95.8024,93.3851
236116,1147,7/9/2024,27.359,27.366,-84.165,-84.141,27.3625,-84.153,44.9,8.3,215,30,15.4,,,,,,,41.5,81,,30.45,23.82,20.04,36.63,36.43,36.49,0.007,0.074,0.718,6.1,7,5.3,96.4162,96.1504,94.8539
236117,1147,7/9/2024,27.464,27.445,-83.921,-83.905,27.4545,-83.913,33.1,2.5,264,30,18.7,,,,,,,30,58,,30.51,26.41,22.96,36.57,36.47,36.42,,0.025,0.619,6.1,7.1,6.8,96.4315,96.3083,92.3292
236118,1147,7/9/2024,27.4,27.39,-83.576,-83.598,27.395,-83.587,26.1,4,231,30,,,,,75,,,23.5,45,,30.61,29.31,26.33,36.47,36.47,36.47,,,0.335,6.2,6.3,6.9,96.1077,96.0184,92.9601
236119,1147,7/9/2024,27.325,27.323,-83.72,-83.696,27.324,-83.708,28.6,2.4,242,30,18.2,,,,75,,,26,51,,30.74,28.65,24.55,36.57,36.53,36.44,,,0.877,6.2,6.4,7,96.0964,96.0373,91.8243
236120,1147,7/9/2024,27.299,27.3,-83.617,-83.643,27.2995,-83.63,28,2.6,161,30,,,,,75,,,25.5,49,,30.68,29.02,25.03,36.63,36.53,36.44,0.014,0.011,0.534,6.1,6.3,7.2,95.9333,96.13,92.5028
236121,1147,7/10/2024,27.183,27.201,-83.599,-83.614,27.192,-83.6065,29,2.9,220,30,123.3,,,,75,,,25.5,50,,30.87,29.13,24.93,36.58,36.49,36.45,0.006,0.029,0.436,6.1,6.3,7.2,95.9366,96.0485,92.8947
236122,1147,7/10/2024,27.13,27.108,-83.874,-83.879,27.119,-83.8765,37.6,3.2,92,30,26.8,,,,,,,33,65,,30.82,28.62,21.86,36.68,36.56,36.45,0.043,0.018,0.866,6.2,6.5,6.7,95.9607,96.3954,92.154
236123,1147,7/10/2024,26.962,26.95,-83.892,-83.913,26.956,-83.9025,42,3.3,143,30,41.5,,,,,,,36.5,72,,30.44,25.75,20.79,36.59,36.37,36.49,0.042,0.03,1.157,6.1,7.1,6,96.1952,95.9648,93.3493
236124,1147,7/10/2024,26.916,26.894,-83.618,-83.622,26.905,-83.62,32.8,2.8,201,30,34.5,,,,,,,29.5,57,,30.85,28.75,23.57,36.56,36.49,36.42,,,0.321,6,6.4,7,96.4897,96.6545,94.6383
236125,1147,7/10/2024,26.842,26.857,-83.803,-83.786,26.8495,-83.7945,39.5,3.2,207,30,22.5,,,,,,,37.5,73,,30.66,25.67,20.79,36.57,36.48,36.51,0.014,0.027,0.841,6.1,7,6,96.4589,96.3707,93.8266
236126,1147,7/10/2024,26.738,26.744,-83.869,-83.845,26.741,-83.857,45.7,2.7,248,30,36.9,,,,,,,42.5,83,,30.74,25.6,20.17,36.66,36.39,36.5,0.007,0.048,0.694,6.1,7,5.6,96.192,96.2807,95.3653
236127,1147,7/10/2024,26.825,26.816,-83.581,-83.557,26.8205,-83.569,32.8,5.7,302,30,19.8,,,,75,,,30,59,,31.29,28.31,23.68,36.59,36.45,36.43,,,0.363,6.1,6.5,7,96.2628,96.3471,94.5835
236128,1147,7/10/2024,26.662,26.64,-83.455,-83.448,26.651,-83.4515,31.4,1.9,314,30,165.9,,,,75,,,28,55,,31.2,28.16,24.13,36.59,36.5,36.44,,0.02,0.646,6.1,6.5,6.8,96.0875,96.3248,94.1514
236129,1148,10/15/2024,30.054,30.033,-88.467,-88.475,30.0435,-88.471,11.4,10.5,25,30,70.4,,,,,,,,,,,,,,,,,,,,,,,,
236130,1148,10/15/2024,29.861,29.879,-88.183,-88.199,29.87,-88.191,18.4,4.2,148,30,243.2,,,,,,,,,,,,,,,,,,,,,,,,
236131,1148,10/22/2024,29.825,29.831,-88.708,-88.685,29.828,-88.6965,9.6,4.3,84,30,75.1,,,,,,,9,16,,24.75,24.76,24.76,34.26,34.26,34.26,0.736,0.69,0.735,6.2,6.2,6.2,58.8826,60.6611,60.849
236132,1148,10/22/2024,29.451,29.458,-88.944,-88.918,29.4545,-88.931,7.7,11.4,67,30,125.4,,,,,,,7.5,13,,25.37,25.38,25.38,35.27,35.27,35.27,1.781,1.696,1.618,6.1,6.2,6.2,66.6769,66.0322,66.647
236133,1148,10/22/2024,29.213,29.212,-88.924,-88.924,29.2125,-88.924,,13.8,90,,,,,,,,,19,36,,25.55,25.57,25.56,12.13,35.43,35.44,1.76,1.587,1.761,5.8,4.5,6.1,81.0221,78.7455,68.7102
236134,1148,10/22/2024,29.213,29.201,-88.908,-88.887,29.207,-88.8975,24.3,6,74,30,72.1,,,,,,,20,39,,25.55,25.57,25.61,35.48,35.48,35.49,1.737,1.614,1.59,6.1,6.1,6.2,79.942,79.8651,74.3163
236135,1148,10/22/2024,29.117,29.126,-88.904,-88.88,29.1215,-88.892,34.4,7.7,71,30,23.7,,,,,,,29.5,58,,25.75,25.94,26.52,35.53,35.62,36.23,1.767,1.586,1.542,6.2,6.1,5.8,80.6359,82.322,76.7314
236136,1148,10/22/2024,28.962,28.956,-89.181,-89.157,28.959,-89.169,8.4,9.5,17,30,143.1,,,,25,,15,8.5,15,,23.84,25.91,26.71,30.02,34.5,35.42,2.067,0.472,0.377,6.1,5,4.9,11.8173,18.1656,7.4585
236137,1148,10/23/2024,28.578,28.575,-90.026,-90.002,28.5765,-90.014,43,14.6,155,30,27.2,,,,,,,39.5,76,,26.06,26.69,24.32,34.76,35.75,36.34,1.096,0.23,2.023,6.2,5.8,4.9,81.4867,90.5436,
236138,1148,10/23/2024,28.402,28.399,-90.113,-90.088,28.4005,-90.1005,39.3,14,177,31,,,,,,,,37,72,,26.24,26.62,23.29,35.53,36.06,36.55,0.774,0.233,0.167,6.2,6.1,4.7,88.4581,97.717,60.0799
236139,1148,10/23/2024,28.371,28.381,-90.258,-90.235,28.376,-90.2465,33.6,13.2,192,30,30.3,,,,,,,31.5,61,,26.16,26.55,26.85,35.11,35.39,35.52,1.44,1.391,1.401,6.2,6,5.8,90.4065,90.7111,66.0235
236140,1148,10/23/2024,28.203,28.181,-90.644,-90.641,28.192,-90.6425,46,3.9,188,30,26.1,,,,,,,39.5,77,,26.79,26.8,24.72,35.65,35.75,36.51,1.425,1.388,1.347,5.9,5.8,5,82.0036,81.9179,71.2527
236141,1148,10/23/2024,28.261,28.261,-90.941,-90.931,28.261,-90.936,38.4,13.8,150,30,,,,,,,,35,68,,26.7,27.25,26.88,34.77,35.42,36.01,1.404,1.37,1.362,6,5.7,5.9,94.9722,82.583,92.7951
236142,1148,10/23/2024,28.144,28.139,-91.103,-91.079,28.1415,-91.091,55.4,11.3,180,30,50.7,,,,50,,6,50,97,,27.38,27.54,20.08,36.1,36.32,36.51,0.19,0.468,0.074,6,6,3.8,97.5534,97.767,11.6534
236143,1148,10/23/2024,28.315,28.294,-91.692,-91.699,28.3045,-91.6955,36.5,3.3,148,30,17.3,,,,50,,2,34.5,67,,26.82,26.89,25.26,35.03,35.37,36.48,0.439,0.395,0.245,6.2,6,4.4,88.3047,90.1135,63.5541
236144,1148,10/24/2024,28.154,28.169,-91.979,-91.999,28.1615,-91.989,45.1,7.5,152,30,14.5,,,,,,,44,85,,27.25,27.49,23.46,36.07,36.37,36.54,0.114,0.097,0.911,6.1,6,4.1,97.9342,98.5674,57.7966
236145,1148,10/24/2024,28.232,28.23,-92.205,-92.231,28.231,-92.218,37.7,2.5,162,30,45.4,,,,,,,35.5,69,,27.54,27.56,26.86,36.36,36.36,36.41,0.125,0.108,0.969,6,6.1,5.5,98.1459,98.1684,82.7581
236146,1148,10/24/2024,28.328,28.337,-92.28,-92.303,28.3325,-92.2915,34.2,2.5,161,30,44.9,,,,,,,32,63,,27.2,27.49,27.45,35.93,36.23,36.29,1.512,1.457,1.381,6,6,5.9,94.4955,97.4313,86.3489
236147,1148,10/24/2024,28.111,28.112,-92.396,-92.371,28.1115,-92.3835,48.5,12.6,208,30,16.3,,,,,,,45,88,,27.45,27.72,22.09,36.1,36.26,36.62,1.439,1.403,1.325,6,6,4.5,97.8494,98.5136,70.2469
236148,1148,10/24/2024,28.045,28.025,-92.522,-92.512,28.035,-92.517,53.3,6.3,234,26,,,,,,,,,,,,,,,,,,,,,,,,,
236149,1148,10/24/2024,28.031,28.011,-92.665,-92.654,28.021,-92.6595,61.3,8.5,237,30,50,,,,,,,55.5,109,,27.51,26.73,19.99,36.07,36.33,36.65,1.399,1.366,1.311,6,5.3,4.3,97.6185,96.0393,90.5032
236150,1148,10/24/2024,28.21,28.231,-92.671,-92.663,28.2205,-92.667,37.8,10.8,179,30,,,,,50,,2,36,70,,27.58,27.45,26.35,36.28,36.28,36.34,0.003,0.124,0.731,6.1,6.1,4.3,98.5294,98.1594,65.7112
236151,1148,10/24/2024,28.385,28.389,-92.682,-92.708,28.387,-92.695,31,5.4,138,30,45.8,,,,25,,9,30,58,,26.79,27.14,27.36,34.38,35.61,36.22,0.364,0.54,0.346,6.3,6,5.9,88.0562,92.5668,75.8596
236152,1148,10/24/2024,28.306,28.296,-92.831,-92.809,28.301,-92.82,31.6,15.6,225,30,76.9,,,,25,,4,29.5,57,,26.92,27.2,27.2,34.5,36.07,36.22,0.231,0.249,0.464,6.3,6.1,5.4,89.7958,96.8299,49.0176
236153,1148,10/25/2024,28.395,28.397,-92.998,-92.994,28.396,-92.996,28.6,13.5,237,4,,,,,,,,27,51,,26.97,27.29,27.3,34.74,35.78,36.2,0.249,0.482,0.244,6.3,5.9,5.3,91.8437,94.1523,65.3901
236154,1148,10/25/2024,28.373,28.386,-93.221,-93.241,28.3795,-93.231,30,6.7,228,30,9.6,,,,,,,28.5,55,,26.75,26.95,27.51,34.42,34.67,35.96,0.439,0.654,0.624,6.4,6,4.9,88.1301,89.4068,72.8026
236155,1148,10/25/2024,28.433,28.41,-93.376,-93.378,28.4215,-93.377,27.6,13,279,30,14.4,,,,,,,25,48,,26.67,27.2,27.14,34.57,35.19,35.21,0.304,0.361,0.66,6.2,6.2,5.9,92.0722,92.4939,77.4965
236156,1148,10/25/2024,28.532,28.509,-93.505,-93.506,28.5205,-93.5055,22.2,13.2,265,30,27.7,,,,,,,21,40,,26.89,26.96,26.9,34.96,35.04,35.02,0.379,0.478,0.395,6.1,6,5.9,91.2667,93.012,75.8347
236157,1148,10/25/2024,28.645,28.626,-93.897,-93.882,28.6355,-93.8895,16.9,10.7,275,30,41,,,,,,,16,30,,26.73,26.84,27.01,34.59,35.14,35.25,0.32,0.304,0.468,4.8,6.1,5.9,89.7162,92.321,67.3255
236158,1148,10/25/2024,28.715,28.697,-93.756,-93.743,28.706,-93.7495,14.1,12.8,110,30,67.5,,,,,,,13,25,,26.6,26.61,26.64,34.22,34.23,34.32,0.551,0.596,0.605,6.2,6.3,6.1,88.432,88.4879,77.9999
236159,1148,10/25/2024,28.778,28.757,-94.03,-94.018,28.7675,-94.024,14.1,10,120,30,50.4,,,,25,,7,13,24,,26.8,26.7,26.79,34.56,34.56,34.73,0.124,0.226,0.676,6.3,6.3,6.1,93.4405,93.3348,70.9118
236160,1148,10/25/2024,29.036,29.053,-93.542,-93.526,29.0445,-93.534,11.8,3.6,182,30,107.6,,,,50,,8,11.5,21,,26.15,25.97,26.09,32.81,32.94,33.24,0.477,0.937,0.961,6.6,6.5,5.4,89.5603,88.9147,44.2719
236161,1148,10/25/2024,29.085,29.062,-93.661,-93.662,29.0735,-93.6615,11.6,7,131,30,125.4,,,,50,,10,11,20,,26.13,25.96,25.94,32.71,32.91,33.09,0.772,0.631,1.007,6.8,6.7,6.5,84.3089,90.0118,61.0925
236162,1148,10/26/2024,29.01,28.989,-93.887,-93.877,28.9995,-93.882,11,11.5,128,30,127.6,,,,,,,10.5,19,,26.1,26.1,25.9,33.2,33.21,33.3,0.765,0.761,1.451,6.5,6.5,5.8,91.5536,91.4574,65.5967
236163,1148,10/26/2024,29.064,29.046,-94.336,-94.348,29.055,-94.342,8.7,9,133,30,100.6,,,,,,,9,16,,25.57,25.57,25.76,32.12,32.12,32.76,1.439,1.436,1.398,6.6,6.6,6,77.8055,77.6785,33.2076
236164,1148,11/1/2024,28.895,28.882,-94.635,-94.612,28.8885,-94.6235,11.6,4.9,92,30,108.2,,,,,,,11,20,,26.58,26.58,26.55,34.07,34.49,34.52,0.629,0.652,0.501,6.2,6.1,6.1,71.3036,60.7061,46.6615
236165,1148,11/1/2024,28.91,28.925,-94.865,-94.884,28.9175,-94.8745,10.1,12.3,103,30,101.8,,,,,,,9.5,17,,25.79,25.78,26.03,32.8,32.83,33.5,1.092,1.102,0.728,6.1,6.1,6.1,44.5206,50.1907,36.1212
236166,1148,11/1/2024,29.118,29.099,-94.851,-94.835,29.1085,-94.843,8.5,7.6,82,30,107.3,,,,,,,9,16,,25.04,24.94,24.96,26.91,27.83,28.65,1.293,1.273,1.491,6.6,6.4,5.7,,,
236167,1148,11/1/2024,29.027,29.009,-95.115,-95.101,29.018,-95.108,7.2,7.4,56,30,42.2,,,,,,,6.5,12,,25.2,25.23,25.28,28.46,28.46,28.49,1.77,1.608,2.086,6.2,6.2,6.2,,,
236168,1148,11/1/2024,28.769,28.767,-95.414,-95.389,28.768,-95.4015,7.9,11.1,54,30,73.2,,,,,,,7.5,14,,25.14,25.16,25.19,29.35,29.37,29.36,1.151,1.316,1.399,6.2,6.2,6.2,,,
236169,1148,11/1/2024,28.588,28.569,-95.457,-95.444,28.5785,-95.4505,11.4,11.8,57,30,118.6,,,,,,,12,21,,25.43,25.44,25.66,30.94,31.11,31.69,1.31,1.105,1.192,6.2,6,5.9,,,
236170,1148,11/1/2024,28.678,28.662,-95.666,-95.649,28.67,-95.6575,7,11.2,64,30,52.4,,,,100,,8,6.5,11,,25.36,25.38,25.54,28.71,28.91,30.15,1.183,1.167,1.302,6.3,6.3,5.7,,,
236171,1148,11/1/2024,28.458,28.452,-96.046,-96.021,28.455,-96.0335,9,17,53,30,98.5,,,,100,,9,9,15,,25.63,25.55,25.7,29.83,30.69,31.12,1.249,0.883,1.174,6.2,5.9,5.6,37.5491,24.3651,
236172,1148,11/15/2024,30.21,30.215,-88.237,-88.213,30.2125,-88.225,7,7.5,15,30,21,,,,,,12,5.5,10,,24.01,24.04,24.01,34.74,34.73,34.74,1.13,0.94,0.908,6,6,6,30.4043,35.0048,22.7965
236173,1148,11/16/2024,29.495,29.51,-88.619,-88.6,29.5025,-88.6095,22,12.3,39,30,61.4,,,,,,,21,39,,25.41,25.44,25.46,36.06,36.09,36.1,0.606,0.695,0.81,6.1,6.1,6.2,91.0808,88.1786,86.7751
236174,1148,11/16/2024,29.491,29.498,-88.716,-88.691,29.4945,-88.7035,11.6,15.8,62,30,15.4,,,,,,,10.5,19,,25.07,25.06,25.07,35.97,35.97,35.97,1.185,0.915,0.905,6.2,6.2,6.2,89.99,90.0676,89.9675
236175,1148,11/16/2024,29.106,29.109,-88.725,-88.698,29.1075,-88.7115,51.5,8.3,84,30,29.7,,,,,,,47.5,93,,26.28,26.29,23.53,36.22,36.22,36.33,0.17,0.141,0.207,6,6,4.9,98.3688,98.4202,50.4246
236176,1148,11/16/2024,29.203,29.223,-88.607,-88.594,29.213,-88.6005,41.2,10.2,100,30,67.1,,,,,,,39.5,77,,26.63,26.58,25.33,36.23,36.24,36.42,1.421,1.329,1.263,5.9,5.9,5.5,,,
236177,1148,11/16/2024,29.331,29.335,-88.434,-88.408,29.333,-88.421,34.8,9.6,110,30,7.7,,,,,,,32,61,,25.91,25.92,26.08,35.96,35.95,36.24,0.178,0.158,0.957,6,6,5.7,,,
236178,1148,11/16/2024,29.398,29.399,-88.364,-88.338,29.3985,-88.351,29.8,11.4,117,30,17.2,,,,,,,27.5,53,,25.83,25.83,26.06,35.88,35.88,36.18,0.157,0.157,0.419,6,6,5.9,,,
236179,1148,11/16/2024,29.482,29.489,-88.234,-88.211,29.4855,-88.2225,27.2,8,102,30,8.1,,,,,,,26,50,,25.7,25.71,26.08,35.91,35.91,36.15,0.1,0.218,0.595,6,6.1,5.9,97.334,97.3637,96.2765
236180,1148,11/16/2024,29.59,29.573,-87.982,-87.964,29.5815,-87.973,23.9,8.6,71,30,13.1,,,,25,,5,22,42,,25.63,25.6,25.6,36.09,36.08,36.09,0.095,0.157,0.289,6,6.1,6.1,,,
236181,1148,11/16/2024,29.962,29.97,-88.145,-88.121,29.966,-88.133,16.8,14.8,79,30,426.8,,,,,,5,15.5,29,,24.92,24.8,24.8,35.72,35.72,35.73,0.999,1.128,1.309,6.4,6.3,6.2,93.7977,93.5362,92.4015
236182,1148,11/22/2024,30.043,30.047,-87.379,-87.352,30.045,-87.3655,15.6,18,288,30,,,,,,,,14,26,,23.84,23.87,23.87,35.41,35.41,35.41,1.29,1.285,1.112,6.2,6.1,6.2,95.0423,94.4701,94.2866
236183,1148,11/22/2024,29.903,29.88,-86.082,-86.07,29.8915,-86.076,21.3,13.3,330,30,56.8,,,,,,5,20.5,38,,24.56,24.56,24.58,36.3,36.3,36.3,1.811,1.567,1.471,6,6,6,,,
236184,1148,11/22/2024,29.706,29.728,-86.053,-86.059,29.717,-86.056,25.4,15.8,322,30,6,,,,,,2,24,45,,25.04,25.07,25.07,36.32,36.32,36.32,0.317,0.54,0.554,6,6,6,95.5576,95.4024,94.9685
236185,1148,11/22/2024,29.601,29.622,-86.082,-86.091,29.6115,-86.0865,36.5,11.2,346,30,5.3,,,,,,1,34.5,67,,25.14,25.16,25.17,36.31,36.31,36.31,0.56,0.674,0.678,6,6,6,95.1175,95.0052,94.7793
236186,1148,11/23/2024,29.64,29.662,-85.876,-85.883,29.651,-85.8795,21.2,16.8,357,30,96.7,,,,,,,20.5,39,,24.63,24.63,24.64,36.33,36.33,36.33,0.711,0.723,0.728,6.1,6.1,6.1,93.7823,93.6995,93.5114
236187,1148,11/23/2024,29.496,29.518,-86.017,-86.026,29.507,-86.0215,12.9,19,224,30,14.2,,,,,,,33.5,65,,24.86,24.85,24.69,36.34,36.34,36.33,0.611,0.593,0.518,6,6,6.1,95.6262,95.7681,94.3634
236188,1148,11/23/2024,29.404,29.427,-85.799,-85.8,29.4155,-85.7995,24.4,17.2,345,30,67.5,,,,,,,24,46,,24.55,24.58,24.58,36.37,36.37,36.37,0.438,0.446,0.441,6.1,6.1,6.1,,,
236189,1148,11/23/2024,29.099,29.121,-85.31,-85.304,29.11,-85.307,22.7,11.9,7,30,16.2,,,,,,,22.5,42,,25.07,25.09,25.09,36.34,36.34,36.34,0.564,0.531,0.491,5.9,5.9,5.9,,,
236190,1148,11/23/2024,29.161,29.183,-85.144,-85.137,29.172,-85.1405,17.7,10,342,30,6.4,,,,,,6,18.5,35,,24.68,24.68,24.66,36.37,36.37,36.37,0.431,0.406,0.475,6,6,6,95.1306,94.9892,92.5051
236191,1148,11/23/2024,29.212,29.235,-84.906,-84.902,29.2235,-84.904,16,9.5,337,30,80.4,,,,,,6,16,30,,23.27,23.28,23.28,36.23,36.23,36.23,0.913,0.967,1.107,6.2,6.2,6.2,88.3906,88.193,87.8293
236192,1148,11/23/2024,29.076,29.094,-85.104,-85.121,29.085,-85.1125,20.3,8.7,335,30,5.4,,,,,,6,20,38,,24.65,24.65,24.64,36.39,36.39,36.39,0.243,0.432,0.541,6,6,6,95.1463,95.1227,95.2561
236193,1148,11/23/2024,28.849,28.871,-85.013,-85.023,28.86,-85.018,28.7,3.7,293,30,24.7,,,,,,2,27.5,52,,25.18,25.08,24.89,36.32,36.33,36.36,0.265,0.61,0.404,6,6,6.1,95.876,95.9985,96.8815
236194,1148,11/23/2024,28.621,28.601,-85.07,-85.058,28.611,-85.064,58.2,7.2,289,30,22.3,,,,,,1,52.5,103,,25.37,25.37,22.6,36.29,36.29,36.49,0.63,0.706,0.114,6,6,4.5,95.8461,96.0323,97.0286
236195,1148,11/24/2024,28.612,28.594,-83.913,-83.896,28.603,-83.9045,17.6,2.9,319,30,69.4,,,,,,,17,32,,23.74,23.75,23.74,36.84,36.84,36.84,0.42,0.4,0.332,6.1,6.1,6.1,95.6143,95.7738,95.3705
236196,1148,11/24/2024,28.593,28.582,-83.743,-83.719,28.5875,-83.731,15.4,2.5,273,30,81.6,,,,,,,15,28,,23.62,23.62,23.62,36.83,36.83,36.84,0.777,0.702,0.826,6.2,6.2,6.2,93.7029,93.6853,93.8236
236197,1148,11/24/2024,28.86,28.839,-83.847,-83.836,28.8495,-83.8415,15.6,2.8,23,30,283.3,,,,,,,14.5,27,,23.26,23.26,23.26,36.86,36.86,36.86,0.953,0.914,0.67,6.2,6.2,6.2,94.686,94.4276,93.9585
236198,1148,11/24/2024,28.983,28.982,-83.673,-83.699,28.9825,-83.686,12,4.3,85,30,161.9,,,,,,5,11,20,,22.65,22.65,22.65,36.16,36.16,36.16,0.261,0.294,0.268,6.1,6.1,6.1,95.389,95.5187,95.6837
236199,1148,11/24/2024,28.711,28.694,-83.403,-83.421,28.7025,-83.412,11.1,5.6,144,30,200,,,,25,,5,11,19,,22.89,22.79,22.77,35.69,35.73,35.75,0.482,0.623,0.544,6.2,6.1,6.1,91.6344,91.4101,91.1811
236200,1148,11/24/2024,28.517,28.493,-83.605,-83.601,28.505,-83.603,14.4,2.2,85,30,53,,,,25,,5,13.5,25,,23.79,23.49,23.48,36.7,36.73,36.74,0.777,0.557,1.036,6.4,6.3,6.2,89.7484,91.8368,89.6542
236201,1148,11/24/2024,28.379,28.369,-83.567,-83.589,28.374,-83.578,15.2,6.7,97,30,44.6,,,,25,,,14,26,,23.82,23.62,23.63,36.62,36.64,36.66,1.099,0.591,1.248,6.4,6.2,6.2,89.8737,92.619,90.1069
236202,1148,11/25/2024,28.317,28.304,-83.728,-83.75,28.3105,-83.739,17.7,5,112,30,112.9,,,,,,,16.5,31,,24.16,24.06,24.02,36.63,36.64,36.66,0.349,0.663,0.693,6.1,6.1,6.1,95.8324,90.1849,85.8572
236203,1148,11/25/2024,28.185,28.208,-84.561,-84.564,28.1965,-84.5625,40.3,3.3,154,30,22.2,,,,,,,38,74,,25.58,25.57,25.14,36.33,36.33,36.31,0.142,0.129,0.237,6,6,6,97.673,97.7586,95.8328
236204,1149,6/2/2024,30.146,30.171,-87.505,-87.512,30.1585,-87.5085,26.9,0.9,260,30,6.7,,,,100,10,3,12,23,,26.77,25.96,25.38,28.66,34.21,34.32,,,,6.5,6.3,6.3,,,
236205,1149,6/2/2024,30.253,30.266,-87.414,-87.439,30.2595,-87.4265,15.2,4.7,112,30,44.9,,,,8,6,4,22,43,,26.85,26.75,25.97,28.5,30.92,16.01,,,,6.6,5,,,,
236206,1149,6/2/2024,30.149,30.17,-87.121,-87.104,30.1595,-87.1125,31.1,5.3,174,30,5.5,,,,100,15,8,,,,,,,,,,,,,,,,,,
236207,1149,6/2/2024,30.339,30.322,-87.039,-87.018,30.3305,-87.0285,16.1,3.3,227,30,15.9,,,,100,10,7,8.5,16,,27.64,27.31,27.02,33.07,33.37,33.72,,,,6.5,6.3,6.4,,,
236208,1149,6/3/2024,30.025,30.023,-86.746,-86.717,30.024,-86.7315,102.4,4.8,150,30,27.6,,,,100,,,,,,,,,,,,,,,,,,,,
236209,1149,6/3/2024,29.959,29.947,-86.476,-86.451,29.953,-86.4635,73.3,6.1,192,30,12,,,,,,,135.5,270,,26.67,,23.74,34.97,,,,,,6.3,,,,,
236210,1149,6/3/2024,29.875,29.9,-86.317,-86.317,29.8875,-86.317,71.7,5.3,270,30,9.4,,,,,,,,,,,,,,,,,,,,,,,,
236211,1149,6/3/2024,29.959,29.966,-86.325,-86.297,29.9625,-86.311,58.5,5.3,85,30,13.3,,,,,,,,,,,,,,,,,,,,,,,,
236212,1149,6/3/2024,30.25,30.257,-86.631,-86.603,30.2535,-86.617,26.7,5.2,121,30,5.1,,,,50,19,2,11.5,22,,26.93,26.8,26.3,34.45,34.65,34.92,,,,6.3,6.3,6.3,,,
236213,1149,6/3/2024,30.308,30.325,-86.363,-86.341,30.3165,-86.352,23,10.5,167,30,2.6,,,,,15,,9.5,18,,27.6,27.25,27.09,34.21,34.21,34.39,,,,6.3,6.4,6.1,,,
236214,1149,6/3/2024,30.337,30.312,-86.253,-86.25,30.3245,-86.2515,20.8,11.1,165,30,4.8,,,,,12,8,9,17,,27.86,27.58,27.61,34.03,34.04,34.14,,,,6.4,6.4,6.5,,,
236215,1149,6/3/2024,30.004,29.987,-86.095,-86.074,29.9955,-86.0845,36.2,11.2,164,30,7.7,,,,,11,5,,,,,,,,,,,,,,,,,,
236216,1149,6/3/2024,30.002,30.09,-85.968,-85.995,30.046,-85.9815,33.5,6.8,179,30,,,,,,21,6,,,,,,,,,,,,,,,,,,
236217,1149,6/4/2024,29.552,29.528,-86.085,-86.078,29.54,-86.0815,75.7,6.7,195,30,14.4,,,,,,,,,,,,,,,,,,,,,,,,
236218,1149,6/4/2024,29.588,29.613,-85.875,-85.878,29.6005,-85.8765,41.5,2.8,160,30,21.1,,,,,,,,,,,,,,,,,,,,,,,,
236219,1149,6/4/2024,29.885,29.874,-85.577,-85.602,29.8795,-85.5895,23.8,2.4,217,30,9.9,,,,75,,,,,,,,,,,,,,,,,,,,
236220,1149,6/4/2024,29.804,29.826,-85.441,-85.454,29.815,-85.4475,11.5,9.5,142,30,14.4,,,,50,5,7,,,,,,,,,,,,,,,,,,
236221,1149,6/4/2024,29.451,29.426,-85.555,-85.554,29.4385,-85.5545,21.8,8,135,56,8.5,,,,8,12,,,,,,,,,,,,,,,,,,,
236222,1149,6/4/2024,29.506,29.489,-85.377,-85.397,29.4975,-85.387,21.6,7.4,167,30,4.2,,,,1,16.5,,,,,,,,,,,,,,,,,,,
236223,1149,6/4/2024,29.639,29.619,-85.246,-85.263,29.629,-85.2545,11.7,5.2,200,30,27.2,,,,3,4,,,,,,,,,,,,,,,,,,,
236224,1149,6/5/2024,29.56,29.554,-85.189,-85.217,29.557,-85.203,12.8,10.3,164,30,2.8,,,,,,,,,,,,,,,,,,,,,,,,
236225,1149,6/5/2024,29.23,29.25,-85.192,-85.174,29.24,-85.183,33.5,4.4,186,30,6.7,,,,,,,,,,,,,,,,,,,,,,,,
236226,1149,6/5/2024,29.033,29.042,-85.255,-85.282,29.0375,-85.2685,44.4,1.7,100,30,18.6,,,,,,,,,,,,,,,,,,,,,,,,
236227,1149,6/5/2024,28.792,28.807,-85.156,-85.18,28.7995,-85.168,93.5,10.7,119,30,19.3,,,,,,,,,,,,,,,,,,,,,,,,
236228,1149,6/5/2024,28.709,28.733,-85.022,-85.032,28.721,-85.027,69.7,10.2,135,30,9.2,,,,,,2,,,,,,,,,,,,,,,,,,
236229,1149,6/5/2024,28.697,28.719,-84.956,-84.97,28.708,-84.963,57.2,4.8,163,30,1.4,,,,,,2,,,,,,,,,,,,,,,,,,
236230,1149,6/5/2024,28.525,28.548,-85.011,-85.023,28.5365,-85.017,104.2,3.2,195,30,8.6,,,,,38,2,,,,,,,,,,,,,,,,,,
236231,1149,6/5/2024,28.541,28.564,-84.568,-84.583,28.5525,-84.5755,54.1,3.9,131,30,4.1,,,,,41,2,,,,,,,,,,,,,,,,,,
236232,1149,6/5/2024,28.826,28.851,-84.425,-84.426,28.8385,-84.4255,37.1,2.9,215,30,5.5,,,,,25,,,,,,,,,,,,,,,,,,,
236233,1149,6/6/2024,28.903,28.916,-84.547,-84.571,28.9095,-84.559,38.8,1.6,186,30,35.6,,,,,,,,,,,,,,,,,,,,,,,,
236234,1149,6/6/2024,28.837,28.863,-84.73,-84.734,28.85,-84.732,43.2,3.9,188,30,52.6,,,,,,,,,,,,,,,,,,,,,,,,
236235,1149,6/6/2024,28.969,28.946,-84.872,-84.859,28.9575,-84.8655,45,3.9,207,30,24.2,,,,,,,,,,,,,,,,,,,,,,,,
236236,1149,6/6/2024,29.056,29.044,-84.93,-84.905,29.05,-84.9175,41,5.8,252,30,16.9,,,,,,,,,,,,,,,,,,,,,,,,
236237,1149,6/6/2024,29.348,29.349,-84.443,-84.414,29.3485,-84.4285,30.7,4.8,198,30,414.4,,,,,17,,,,,,,,,,,,,,,,,,,
236238,1149,6/6/2024,29.588,29.601,-84.478,-84.453,29.5945,-84.4655,20.8,6.8,210,30,175.2,,,,,15,,,,,,,,,,,,,,,,,,,
236239,1149,6/6/2024,29.551,29.564,-84.633,-84.609,29.5575,-84.621,22.5,6.8,210,30,99.5,,,,,15,,,,,,,,,,,,,,,,,,,
236240,1149,6/6/2024,29.615,29.614,-84.705,-84.734,29.6145,-84.7195,15.4,7,254,30,,,,,,,,,,,,,,,,,,,,,,,,,
236241,1149,6/6/2024,29.731,29.719,-84.617,-84.591,29.725,-84.604,12.6,7.9,232,30,21.5,,,,8,7,,,,,,,,,,,,,,,,,,,
236242,1149,6/6/2024,29.743,29.752,-84.464,-84.437,29.7475,-84.4505,13.7,11.6,220,30,30,,,,5,7,,,,,,,,,,,,,,,,,,,
236243,1149,6/6/2024,29.719,29.739,-84.357,-84.356,29.729,-84.3565,17.4,11.9,224,30,,,,,2,,,,,,,,,,,,,,,,,,,,
236244,1149,6/7/2024,29.75,29.741,-84.053,-84.027,29.7455,-84.04,13.2,9.1,244,30,268.3,,,,,,,,,,,,,,,,,,,,,,,,
236245,1149,6/7/2024,29.568,29.55,-84.219,-84.241,29.559,-84.23,21.6,8.3,214,30,27.6,,,,,,,,,,,,,,,,,,,,,,,,
236246,1149,6/7/2024,29.567,29.583,-84.104,-84.082,29.575,-84.093,19,7.8,249,30,,,,,,,,,,,,,,,,,,,,,,,,,
236247,1149,6/7/2024,29.366,29.381,-84.126,-84.103,29.3735,-84.1145,26.2,11.2,55,30,46,,,,,,,,,,,,,,,,,,,,,,,,
236248,1149,6/7/2024,29.409,29.583,-84.022,-84.082,29.496,-84.052,22.5,8.2,280,30,,,,,4,,,,,,,,,,,,,,,,,,,,
236249,1149,6/7/2024,29.129,29.14,-83.909,-83.882,29.1345,-83.8955,26.3,7.8,293,30,12.3,,,,,20,,,,,,,,,,,,,,,,,,,
236250,1149,6/7/2024,28.963,28.944,-84.215,-84.197,28.9535,-84.206,31.3,6.2,267,30,11.2,,,,2,28,,,,,,,,,,,,,,,,,,,
236251,1149,6/7/2024,28.742,28.724,-84.197,-84.176,28.733,-84.1865,37.9,14.5,219,30,10.1,,,,8,35,,,,,,,,,,,,,,,,,,,
236252,1149,6/7/2024,28.627,28.609,-84.09,-84.07,28.618,-84.08,35.3,5.4,227,30,13.9,,,,,33,,,,,,,,,,,,,,,,,,,
236253,1149,6/7/2024,28.716,28.71,-83.863,-83.835,28.713,-83.849,30.2,6.2,262,30,8.5,,,,,19,,,,,,,,,,,,,,,,,,,
236254,1149,6/8/2024,28.829,28.815,-83.644,-83.62,28.822,-83.632,24.1,8,263,30,35.4,,,,,,,,,,,,,,,,,,,,,,,,
236255,1149,6/8/2024,28.756,28.759,-83.43,-83.402,28.7575,-83.416,21.2,8.7,246,30,79.4,,,,,,,,,,,,,,,,,,,,,,,,
236256,1149,6/8/2024,28.612,28.614,-83.625,-83.597,28.613,-83.611,25.4,10.9,263,30,31,,,,,,,,,,,,,,,,,,,,,,,,
236257,1149,6/8/2024,28.553,28.552,-83.435,-83.406,28.5525,-83.4205,23.2,6.9,262,30,95.8,,,,,,,,,,,,,,,,,,,,,,,,
236258,1149,6/8/2024,28.451,28.451,-83.411,-83.383,28.451,-83.397,23.2,11.1,279,30,66.9,,,,,,,,,,,,,,,,,,,,,,,,
236259,1149,6/8/2024,28.247,28.246,-83.267,-83.239,28.2465,-83.253,21,6.2,290,30,,,,,,,2,,,,,,,,,,,,,,,,,,
236260,1149,6/8/2024,28.145,28.141,-83.579,-83.551,28.143,-83.565,33.5,3,283,30,121.8,,,,,22,,,,,,,,,,,,,,,,,,,
236261,1149,6/8/2024,28.294,28.319,-83.651,-83.646,28.3065,-83.6485,31.5,3.7,276,30,26.8,,,,2,22,,,,,,,,,,,,,,,,,,,
236262,1149,6/8/2024,28.257,28.282,-83.943,-83.945,28.2695,-83.944,40.2,3.7,269,30,32.5,,,,,32,,,,,,,,,,,,,,,,,,,
236263,1149,6/8/2024,28.406,28.427,-84.093,-84.078,28.4165,-84.0855,39,7.1,274,30,6.5,,,,,25,,,,,,,,,,,,,,,,,,,
236264,1149,6/9/2024,28.488,28.504,-84.093,-84.07,28.496,-84.0815,38,4.8,288,30,229.1,,,,,,,,,,,,,,,,,,,,,,,,
236265,1149,6/9/2024,28.257,28.282,-84.456,-84.453,28.2695,-84.4545,63.3,6.7,226,30,32.3,,,,,,,,,,,,,,,,,,,,,,,,
236266,1149,6/9/2024,28.176,28.201,-84.594,-84.589,28.1885,-84.5915,73.9,5.4,224,30,38.4,,,,,,,,,,,,,,,,,,,,,,,,
236267,1149,6/9/2024,28.169,28.184,-84.355,-84.332,28.1765,-84.3435,60.9,6.6,233,30,36.4,,,,,,,,,,,,,,,,,,,,,,,,
236268,1149,6/9/2024,28.045,28.058,-84.154,-84.13,28.0515,-84.142,49.7,5.7,253,30,8,,,,3,,2,,,,,,,,,,,,,,,,,,
236269,1149,6/9/2024,27.957,27.957,-84.064,-84.036,27.957,-84.05,51.4,5,296,30,5.4,,,,4,36,2,,,,,,,,,,,,,,,,,,
236270,1149,6/9/2024,27.72,27.695,-84.445,-84.439,27.7075,-84.442,105.7,3.5,340,30,5.7,,,,,32,,,,,,,,,,,,,,,,,,,
236271,1149,6/9/2024,27.758,27.783,-84.354,-84.358,27.7705,-84.356,81,3,13,30,13.9,,,,,36,,,,,,,,,,,,,,,,,,,
236272,1149,6/9/2024,27.786,27.796,-84.2,-84.226,27.791,-84.213,64.2,3.3,16,30,20.3,,,,,33,,,,,,,,,,,,,,,,,,,
236273,1149,6/9/2024,27.836,27.815,-84.07,-84.055,27.8255,-84.0625,57.4,1.2,355,30,7.7,,,,,,,,,,,,,,,,,,,,,,,,
236274,1149,6/10/2024,27.78,27.768,-83.945,-83.92,27.774,-83.9325,52.7,2.3,333,30,25.8,,,,,,,,,,,,,,,,,,,,,,,,
236275,1149,6/10/2024,27.767,27.769,-83.552,-83.524,27.768,-83.538,38.8,4.1,243,30,39.8,,,,,,,,,,,,,,,,,,,,,,,,
236276,1149,6/10/2024,27.793,27.768,-83.04,-83.042,27.7805,-83.041,16.6,4.1,271,30,30.5,,,,,,,,,,,,,,,,,,,,,,,,
236277,1149,6/10/2024,27.939,27.964,-83.25,-83.249,27.9515,-83.2495,24.3,3.5,298,29,95.7,,,,,16,,,,,,,,,,,,,,,,,,,
236278,1149,6/10/2024,27.799,27.773,-83.47,-83.468,27.786,-83.469,36,3,317,30,22.7,,,,4,29,,,,,,,,,,,,,,,,,,,
236279,1149,6/10/2024,27.671,27.647,-83.409,-83.406,27.659,-83.4075,36.4,2.8,282,30,29.8,,,,3,30,,,,,,,,,,,,,,,,,,,
236280,1149,6/10/2024,27.572,27.55,-83.369,-83.356,27.561,-83.3625,36.4,2.6,221,30,53.2,,,,2,26,,,,,,,,,,,,,,,,,,,
236281,1149,6/11/2024,27.654,27.653,-83.275,-83.247,27.6535,-83.261,29.3,2,293,30,220.8,,,,,,,,,,,,,,,,,,,,,,,,
236282,1149,6/11/2024,27.451,27.426,-83.046,-83.042,27.4385,-83.044,23.4,12.3,175,30,89,,,,,,,,,,,,,,,,,,,,,,,,
236283,1149,6/11/2024,27.358,27.372,-82.968,-82.992,27.365,-82.98,22.7,1.5,345,30,36,,,,,,,,,,,,,,,,,,,,,,,,
236284,1149,6/11/2024,27.07,27.09,-83.33,-83.346,27.08,-83.338,46.3,8.7,112,30,76.3,,,,,,,,,,,,,,,,,,,,,,,,
236285,1149,6/11/2024,26.869,26.895,-83.119,-83.123,26.882,-83.121,42.1,11.8,200,30,32.7,,,,9,26,2,,,,,,,,,,,,,,,,,,
236286,1149,6/11/2024,26.986,26.999,-83.018,-83.041,26.9925,-83.0295,36.8,21.2,178,30,42.6,,,,9,12,,,,,,,,,,,,,,,,,,,
236287,1150,6/10/2024,28.757,28.771,-90.524,-90.492,28.764,-90.508,17.7,,,30,0.7,,,,,,,11,18,18,29.67,29.48,25.13,26.29,26.55,36.24,14.792,6.084,7.045,4.5,5,1.2,64.2513,76.3831,47.7764
236288,1150,6/10/2024,28.793,28.797,-90.253,-90.28,28.795,-90.2665,12.5,,,30,44.2,,,,,,,15,26,26,29.54,27.71,25.14,29.56,36.22,36.4,9.61,3.354,6.286,7.7,6.2,3.3,59.8443,83.6443,30.9766
236289,1150,6/10/2024,29.082,29.079,-89.937,-89.908,29.0805,-89.9225,11.2,,,30,34.2,,,,,,,11,19,19,29.52,27.78,25.49,11.47,28.66,35.63,20.896,6.561,6.415,6.7,6.6,4,27.8199,79.1743,46.6409
236290,1150,6/10/2024,29.067,29.043,-89.826,-89.834,29.055,-89.83,14.2,,,30,27.3,,,,,,,16,29,29,29.21,27.44,23.71,19.14,34.4,36.05,22.653,6.098,9.703,12,5.1,3.1,24.5186,59.7026,4.2621
236291,1150,6/10/2024,29.022,29.019,-89.744,-89.715,29.0205,-89.7295,19.2,,,30,41.1,,,,,,,20,37,37,29.44,24.71,22.76,19.75,35.69,36.23,21.213,4.818,6.049,11.3,4.5,2.7,26.8075,69.3112,36.0488
236292,1150,6/11/2024,28.577,28.565,-90.319,-90.342,28.571,-90.3305,38.4,,,30,159.8,,,,,,,21,40,40,28.92,27.72,24.61,33.53,36.33,36.48,5.826,2.492,5.871,6.8,6.4,5.7,77.7768,87.1858,28.6478
236293,1150,6/11/2024,28.643,28.636,-90.421,-90.448,28.6395,-90.4345,18.9,,,30,26.3,,,,,,,13,23,23,30.49,27.58,25.63,24.78,36.09,36.44,13.919,4.63,7.05,8.6,4.1,5.1,54.5279,84.0299,15.2677
236294,1150,6/11/2024,28.529,28.519,-90.484,-90.484,28.524,-90.484,18.9,,,30,3.8,,,,,,,20,36,36,29.61,27.47,25.01,33.82,36.34,36.49,5.593,2.876,4.141,6.6,6.5,6.5,75.4988,88.2164,55.7582
236295,1150,6/11/2024,28.511,28.494,-90.59,-90.611,28.5025,-90.6005,18.2,,,30,4.1,,,,,,,19,35,35,29.89,28.05,24.74,34.92,36.33,36.49,4.801,3.863,6.888,6.4,6.3,5.7,82.3424,88.0747,41.0665
236296,1150,6/11/2024,28.478,28.481,-91.148,-91.103,28.4795,-91.1255,19.5,,,30,8.5,,,,,,,19,34,34,30.04,27.95,24.34,35.96,35.99,36.46,3.817,3.88,5.766,6.2,6.4,5.2,89.1098,88.608,82.1307
236297,1150,6/11/2024,28.505,28.507,-91.19,-91.218,28.506,-91.204,18.8,,,30,4.4,,,,,,,18,33,33,29.51,28.11,24.52,35.95,36.01,36.51,4.172,4.225,5.76,6.2,6.4,6.3,88.2459,89.0452,77.0304
236298,1150,6/11/2024,28.437,28.429,-91.312,-91.338,28.433,-91.325,25.6,,,30,7.3,,,,,,,24,46,46,29.23,27.95,24,35.93,36.2,36.52,3.916,4.06,4.87,6.2,6.4,6.6,88.821,89.4954,79.5015
236299,1150,6/12/2024,28.557,28.548,-91.933,-91.933,28.5525,-91.933,23,,,30,65.7,,,,,,,23,43,43,29.43,27.77,23.5,35.88,35.86,36.58,4.106,4.178,6.111,6.2,6.4,6.3,88.1539,88.8195,52.5171
236300,1150,6/12/2024,28.406,28.403,-91.912,-91.94,28.4045,-91.926,30.9,,,30,20.8,,,,,,,30,58,58,29.37,24.98,22.31,35.53,36.41,36.57,4.17,4.233,6.014,6.1,6.9,6,89.4414,89.4764,63.1847
236301,1150,6/12/2024,28.486,28.478,-92.09,-97.117,28.482,-94.6035,27.2,,,30,5.3,,,,,,,28,52,52,29.49,26.11,22.92,35.97,36.41,36.56,4.123,4.17,5.813,6.2,6.7,6.2,88.7971,89.2352,64.984
236302,1150,6/12/2024,28.384,28.362,-92.173,-92.185,28.373,-92.179,30.8,,,30,17.2,,,,,,,31,59,59,29.59,25.48,22.7,35.72,36.18,36.53,4.146,4.264,4.867,6,6.7,6.3,89.5157,89.6011,65.4597
236303,1150,6/12/2024,28.413,28.413,-92.46,-92.431,28.413,-92.4455,29.5,,,30,16.3,,,,,,,28,53,53,30.03,27.24,22.55,35.03,35.92,36.54,3.718,3.535,4.429,5.9,6.5,6.5,89.6909,90.109,74.0947
236304,1150,6/12/2024,28.522,28.53,-92.454,-92.484,28.526,-92.469,25.2,,,30,25.4,,,,,,,24,45,45,30.68,27.6,23.4,34.36,36.01,36.5,4.576,3.996,5.175,5.8,6.4,6.1,89.4856,89.606,75.342
236305,1150,6/12/2024,28.605,28.627,-92.534,-92.547,28.616,-92.5405,18.6,,,30,1.6,,,,,,,19,34,34,29.68,27.8,25.28,36.02,35.98,36.45,3.735,3.903,4.418,6.1,6.4,6.9,89.2219,89.6693,85.4141
236306,1150,6/13/2024,28.712,28.707,-92.826,-92.854,28.7095,-92.84,16.8,,,30,13.3,,,,,,,16,30,30,29.91,27.93,26.44,35.96,36.01,36.41,3.687,3.729,4.889,6,6.4,6.5,89.5889,89.912,67.2131
236307,1150,6/13/2024,28.943,28.94,-93.016,-92.988,28.9415,-93.002,11.2,,,30,145,,,,,,,11,20,20,29.58,28.08,27.88,36.04,36.15,36.19,3.876,3.901,4.825,6.1,6.4,6.1,88.3994,89.0321,68.5531
236308,1150,6/13/2024,29.021,28.996,-93.072,-93.07,29.0085,-93.071,12,,,30,130.4,,,,,,,13,23,23,29.52,28,27.74,36.18,36.1,36.16,4.287,4.576,5.936,6.1,6.4,6.1,89.4972,89.7464,61.0651
236309,1150,6/13/2024,29.084,29.076,-92.854,-92.827,29.08,-92.8405,20.9,,,30,58.8,,,,,,,13,22,22,29.29,28.07,27.87,36.22,36.29,36.27,4.067,4.242,5.434,5.6,6.2,6.1,90.0515,90.1093,62.1322
236310,1150,6/13/2024,29.308,29.298,-92.679,-92.679,29.303,-92.679,79,,,30,100.5,,,,,,,9,16,16,30.15,28.37,28.16,34.11,35.97,36.12,5.306,4.75,7.868,6.1,6.2,4.5,87.2025,88.3773,11.8492
236311,1150,6/13/2024,29.313,29.305,-92.562,-92.562,29.309,-92.562,65,,,30,9.7,,,,,,,8,14,14,29.99,30.14,28.19,28.46,32.8,35.67,11.703,8.442,11.787,3.3,7,3,73.6487,83.3951,7.5071
236312,1150,6/13/2024,29.043,29.034,-92.709,-92.681,29.0385,-92.695,12.2,,,30,10.4,,,,,,,14,24,24,29.35,27.98,27.92,36.2,36.27,36.27,3.543,3.832,4.821,6.1,6.2,6.2,90.5879,90.0455,65.8792
236313,1150,6/13/2024,28.69,28.671,-92.352,-92.369,28.6805,-92.3605,19.4,,,30,70.4,,,,,,,19,35,35,30.24,27.74,25.66,35.62,36.01,36.44,3.515,3.586,4.41,4.8,6.4,6.5,90.3967,90.6733,71.2709
236314,1150,6/13/2024,28.811,28.811,-92.214,-92.185,28.811,-92.1995,16.1,,,30,4,,,,,,,16,29,29,29.42,27.86,27.09,36.12,36.16,36.35,3.481,3.583,4.963,6.2,6.4,6.2,89.6731,90.1519,65.4312
236315,1150,6/13/2024,28.954,28.956,-92.332,-92.304,28.955,-92.318,12.6,,,30,18.6,,,,,,,13,24,24,29.99,28.35,28.05,36.15,36.19,36.23,4.137,4.147,5.077,5.8,6.3,6.6,88.3256,89.0188,66.2556
236316,1150,6/14/2024,29.03,29.022,-92.067,-92.04,29.026,-92.0535,95,,,30,13.7,,,,,,,10,18,18,30.7,28.74,28.41,34.47,36.29,36.28,7.032,5.477,7.544,6.2,6.1,5.8,84.5155,87.6309,49.0603
236317,1150,6/14/2024,29.154,29.13,-92.017,-92.012,29.142,-92.0145,4.6,,,30,38.5,,,,,,,5,8,8,31.52,30.67,29.11,28.4,31.04,33.71,10.578,9.169,12.439,6.6,6.7,5.3,71.6139,75.3869,45.8102
236318,1150,6/14/2024,29.119,29.103,-91.978,-91.956,29.111,-91.967,55,,,30,25.7,,,,,,,7,11,11,30.75,30.31,28.58,26.37,32.54,35.18,11.369,7.337,10.668,5.1,6.4,3.2,63.618,80.4697,20.9538
236319,1150,6/14/2024,28.849,28.832,-91.884,-91.865,28.8405,-91.8745,12.6,,,30,33.7,,,,,,,14,25,25,29.47,28.32,28.07,36.23,36.24,36.22,3.556,3.772,6.499,6,6.5,6.4,88.032,85.9829,32.8305
236320,1150,6/14/2024,28.635,28.625,-91.743,-91.717,28.63,-91.73,18.6,,,30,24.8,,,,,,,19,36,36,29.53,27.93,24.41,35.87,35.89,36.54,3.861,3.985,6.242,6.2,6.4,6.9,89.642,89.9036,45.9796
236321,1150,6/14/2024,28.727,28.71,-91.687,-91.687,28.7185,-91.687,15.5,,,30,28.5,,,,,,,16,28,28,29.52,28.05,27.18,35.77,36.12,36.39,3.371,3.396,6.487,6.2,6.4,6.6,87.9759,88.6524,30.7642
236322,1150,6/14/2024,28.774,28.77,-91.246,-91.218,28.772,-91.232,72,,,30,20,,,,,,,8,13,13,30.35,29.13,28.45,28.55,34.48,35.81,12.037,7.099,11.632,7.2,5.9,4.1,71.7192,81.544,5.6619
236323,1150,6/14/2024,28.669,28.653,-91.198,-91.176,28.661,-91.187,10.2,,,30,32.3,,,,,,,11,18,18,30.7,28.65,28.16,32.94,36.11,36.18,5.547,4.828,7.123,5.8,6,4.3,78.5948,86.1352,29.5028
236324,1150,6/14/2024,28.897,28.901,-90.681,-90.653,28.899,-90.667,56,,,30,0.7,,,,,,,6,9,9,31.21,29.67,27.76,22.02,27.93,32.09,18.683,15.016,12.228,8.8,6.9,0.9,24.728,63.2462,62.568
236325,1150,6/14/2024,28.882,28.872,-90.535,-90.509,28.877,-90.522,91,,,30,0.2,,,,,,,9,15,15,31.18,27.55,25.41,26.72,34.58,35.81,12.675,8.132,9.457,7.8,3.8,0.2,43.5251,83.6422,65.8241
236326,1150,6/11/2024,28.513,28.494,-90.154,-90.136,28.5035,-90.145,31,,,30,,,,,,,,29,55,55,28.86,25.62,22.29,34.78,36.47,36.5,3.277,2.247,7.253,6.5,6.9,4.2,79.9584,86.4101,9.1834
236327,1150,6/12/2024,28.534,28.541,-91.694,-91.722,28.5375,-91.708,23.6,,,30,,,,,,,,23,43,43,29.8,27.84,23.06,35.76,36.16,36.72,4.243,4.423,5.362,4.5,4.6,5.9,88.5203,88.8865,72.4507
